Server_Region,GPU_Hardware,User_Tier,Primary_Workload,Termination_Reason,Session_Duration_Hours,Avg_Compute_Utilization_Pct,RAM_Allocated_GB,Network_Bandwidth_Used_GB,Total_Cost_USD,Session_Start_Date,Session_End_Date
ap-southeast-1,T4,Pro,ComfyUI / Stable Diffusion,CUDA_Out_Of_Memory,23.1,81,16,35.71,6.41,2026-03-29 05:28:00,2026-03-30 04:34:00
eu-central-1,CPU-Only,Free,Web App Hosting,Hardware_Fault,11.2,49,16,183.58,9.74,2026-03-01 23:15:00,2026-03-02 10:27:00
us-east-1,CPU-Only,Free,Relational Database,User_Stopped,8.5,28,32,175.34,9.19,2026-02-05 13:22:00,2026-02-05 21:52:00
us-east-1,CPU-Only,Free,Web App Hosting,Hardware_Fault,11.1,25,16,65.56,3.83,2026-03-13 11:31:00,2026-03-13 22:37:00
eu-central-1,RTX 4090,Enterprise,ComfyUI / Stable Diffusion,Out_of_Credit,32.9,81,32,152.67,32.31,2026-04-24 22:08:00,2026-04-26 07:02:00
eu-central-1,T4,Free,ComfyUI / Stable Diffusion,CUDA_Out_Of_Memory,11.6,61,16,204.97,12.57,2026-03-30 21:41:00,2026-03-31 09:17:00
us-east-1,T4,Free,Web App Hosting,User_Stopped,2.0,14,16,129.35,6.87,2026-03-12 06:43:00,2026-03-12 08:43:00
ap-southeast-1,T4,Pro,ComfyUI / Stable Diffusion,Hardware_Fault,13.2,72,16,64.09,5.84,2026-03-02 05:32:00,2026-03-02 18:44:00
eu-central-1,T4,Pro,ComfyUI / Stable Diffusion,Hardware_Fault,3.9,84,32,30.87,2.32,2026-02-27 08:51:00,2026-02-27 12:45:00
eu-central-1,CPU-Only,Free,Relational Database,Out_of_Credit,8.4,6,32,160.77,8.46,2026-01-14 06:56:00,2026-01-14 15:20:00
ap-southeast-1,CPU-Only,Free,Web App Hosting,Hardware_Fault,10.3,28,16,92.19,5.12,2026-02-12 23:07:00,2026-02-13 09:25:00
ap-southeast-1,T4,Free,ComfyUI / Stable Diffusion,CUDA_Out_Of_Memory,12.7,65,16,139.12,9.5,2026-04-20 12:16:00,2026-04-21 00:58:00
us-east-1,T4,Free,Web App Hosting,Hardware_Fault,8.2,45,16,161.15,9.7,2026-02-24 10:26:00,2026-02-24 18:38:00
ap-southeast-1,T4,Pro,Web App Hosting,User_Stopped,12.3,43,32,200.99,12.51,2026-01-20 15:54:00,2026-01-21 04:12:00
us-east-1,RTX 4090,Pro,PyTorch Training,User_Stopped,17.2,96,32,245.76,25.19,2026-03-01 18:49:00,2026-03-02 12:01:00
ap-southeast-1,RTX 4090,Pro,ComfyUI / Stable Diffusion,CUDA_Out_Of_Memory,31.9,79,64,118.0,29.82,2026-03-31 22:36:00,2026-04-02 06:30:00
us-east-1,T4,Pro,ComfyUI / Stable Diffusion,Hardware_Fault,15.8,85,32,53.05,5.81,2026-04-14 14:14:00,2026-04-15 06:02:00
us-east-1,T4,Free,ComfyUI / Stable Diffusion,User_Stopped,5.6,83,32,8.51,1.55,2026-01-05 16:57:00,2026-01-05 22:33:00
ap-southeast-1,CPU-Only,Free,Relational Database,User_Stopped,6.2,24,32,60.84,3.35,2026-03-29 07:36:00,2026-03-29 13:48:00
us-east-1,A100 80GB,Enterprise,PyTorch Training,CUDA_Out_Of_Memory,70.9,95,128,97.04,182.1,2026-01-10 23:24:00,2026-01-13 22:18:00
ap-southeast-1,T4,Pro,Web App Hosting,CUDA_Out_Of_Memory,9.5,31,16,240.67,13.93,2026-04-18 12:30:00,2026-04-18 22:00:00
eu-central-1,RTX 4090,Enterprise,ComfyUI / Stable Diffusion,CUDA_Out_Of_Memory,26.9,60,64,128.52,26.6,2026-03-06 09:47:00,2026-03-07 12:41:00
ap-southeast-1,CPU-Only,Free,Relational Database,Out_of_Credit,6.2,12,16,125.74,6.6,2026-04-06 10:46:00,2026-04-06 16:58:00
eu-central-1,T4,Pro,ComfyUI / Stable Diffusion,Out_of_Credit,8.4,90,16,167.83,10.07,2026-02-09 10:02:00,2026-02-09 18:26:00
ap-southeast-1,CPU-Only,Free,Relational Database,User_Stopped,9.3,8,32,160.48,8.49,2026-01-18 23:15:00,2026-01-19 08:33:00
us-east-1,T4,Pro,ComfyUI / Stable Diffusion,Hardware_Fault,21.1,87,16,210.75,14.76,2026-03-22 16:25:00,2026-03-23 13:31:00
eu-central-1,CPU-Only,Free,Relational Database,Hardware_Fault,10.6,11,32,38.15,2.44,2026-03-03 06:34:00,2026-03-03 17:10:00
us-east-1,CPU-Only,Free,Web App Hosting,User_Stopped,11.2,32,16,4.5,0.78,2026-04-05 18:50:00,2026-04-06 06:02:00
eu-central-1,A100 80GB,Enterprise,PyTorch Training,Out_of_Credit,44.9,86,128,96.47,117.07,2026-03-11 23:13:00,2026-03-13 20:07:00
eu-central-1,RTX 4090,Enterprise,ComfyUI / Stable Diffusion,Out_of_Credit,17.8,69,64,168.17,21.76,2026-01-13 06:55:00,2026-01-14 00:43:00
ap-southeast-1,CPU-Only,Free,Relational Database,User_Stopped,9.0,14,16,110.74,5.99,2026-03-15 09:01:00,2026-03-15 18:01:00
eu-central-1,A100 80GB,Enterprise,PyTorch Training,User_Stopped,42.0,90,128,214.67,115.73,2026-02-02 04:33:00,2026-02-03 22:33:00
eu-central-1,CPU-Only,Free,Web App Hosting,Hardware_Fault,7.1,42,32,133.18,7.01,2026-04-23 10:53:00,2026-04-23 17:59:00
eu-central-1,A100 80GB,Enterprise,PyTorch Training,User_Stopped,26.2,87,128,55.99,68.3,2026-01-22 17:06:00,2026-01-23 19:18:00
eu-central-1,CPU-Only,Free,Relational Database,Out_of_Credit,5.6,23,32,177.95,9.18,2026-03-13 01:33:00,2026-03-13 07:09:00
us-east-1,CPU-Only,Free,Relational Database,Hardware_Fault,11.5,17,32,99.61,5.56,2026-04-24 09:45:00,2026-04-24 21:15:00
ap-southeast-1,CPU-Only,Free,Relational Database,Out_of_Credit,1.4,5,16,1.63,0.15,2026-04-16 23:18:00,2026-04-17 00:42:00
us-east-1,CPU-Only,Free,Relational Database,Out_of_Credit,11.2,13,32,20.64,1.59,2026-01-16 11:39:00,2026-01-16 22:51:00
eu-central-1,A100 80GB,Enterprise,PyTorch Training,CUDA_Out_Of_Memory,51.9,96,64,127.29,136.11,2026-03-02 07:01:00,2026-03-04 10:55:00
ap-southeast-1,CPU-Only,Free,Web App Hosting,User_Stopped,3.9,28,16,110.75,5.73,2026-03-28 20:47:00,2026-03-29 00:41:00
ap-southeast-1,T4,Pro,Web App Hosting,Out_of_Credit,20.1,17,32,20.02,5.02,2026-01-19 12:38:00,2026-01-20 08:44:00
eu-central-1,CPU-Only,Free,Web App Hosting,Out_of_Credit,10.2,21,32,193.45,10.18,2026-02-11 17:40:00,2026-02-12 03:52:00
us-east-1,T4,Pro,Web App Hosting,CUDA_Out_Of_Memory,9.9,35,16,129.25,8.44,2026-02-02 19:28:00,2026-02-03 05:22:00
us-east-1,T4,Free,Web App Hosting,CUDA_Out_Of_Memory,2.2,40,32,116.0,6.24,2026-03-19 15:00:00,2026-03-19 17:12:00
us-east-1,CPU-Only,Free,Relational Database,User_Stopped,9.7,27,16,35.27,2.25,2026-04-22 09:14:00,2026-04-22 18:56:00
ap-southeast-1,T4,Pro,ComfyUI / Stable Diffusion,Hardware_Fault,8.8,88,32,234.11,13.47,2026-01-03 13:03:00,2026-01-03 21:51:00
us-east-1,RTX 4090,Enterprise,PyTorch Training,Out_of_Credit,40.9,97,64,145.85,37.97,2026-01-19 21:36:00,2026-01-21 14:30:00
eu-central-1,RTX 4090,Enterprise,PyTorch Training,Out_of_Credit,31.4,89,64,30.37,25.07,2026-01-12 09:41:00,2026-01-13 17:05:00
ap-southeast-1,A100 80GB,Enterprise,PyTorch Training,CUDA_Out_Of_Memory,50.1,95,128,12.14,125.86,2026-03-04 23:19:00,2026-03-07 01:25:00
eu-central-1,RTX 4090,Pro,ComfyUI / Stable Diffusion,Out_of_Credit,41.7,72,64,105.31,36.54,2026-04-11 21:59:00,2026-04-13 15:41:00
eu-central-1,RTX 4090,Enterprise,PyTorch Training,Out_of_Credit,13.8,87,64,200.14,20.36,2026-02-14 22:28:00,2026-02-15 12:16:00
us-east-1,T4,Pro,ComfyUI / Stable Diffusion,CUDA_Out_Of_Memory,23.2,91,32,224.5,15.87,2026-01-12 18:52:00,2026-01-13 18:04:00
eu-central-1,T4,Pro,Web App Hosting,Hardware_Fault,8.0,41,16,111.6,7.18,2026-01-12 01:18:00,2026-01-12 09:18:00
us-east-1,CPU-Only,Free,Relational Database,User_Stopped,3.4,5,32,229.53,11.65,2026-04-26 01:25:00,2026-04-26 04:49:00
us-east-1,A100 80GB,Enterprise,PyTorch Training,Hardware_Fault,43.4,98,64,12.26,109.11,2026-02-19 08:19:00,2026-02-21 03:43:00
ap-southeast-1,T4,Free,Web App Hosting,User_Stopped,9.1,34,32,194.77,11.56,2026-02-24 04:31:00,2026-02-24 13:37:00
ap-southeast-1,A100 80GB,Enterprise,PyTorch Training,User_Stopped,61.5,88,128,135.44,160.52,2026-01-31 02:20:00,2026-02-02 15:50:00
eu-central-1,CPU-Only,Free,Relational Database,Hardware_Fault,11.4,19,32,155.16,8.33,2026-03-14 21:25:00,2026-03-15 08:49:00
eu-central-1,CPU-Only,Free,Relational Database,Out_of_Credit,9.2,15,32,104.34,5.68,2026-03-25 11:19:00,2026-03-25 20:31:00
us-east-1,A100 80GB,Enterprise,PyTorch Training,Hardware_Fault,64.4,100,128,113.02,166.65,2026-04-22 09:04:00,2026-04-25 01:28:00
us-east-1,T4,Free,Web App Hosting,CUDA_Out_Of_Memory,4.5,28,16,60.22,3.91,2026-02-07 15:08:00,2026-02-07 19:38:00
us-east-1,A100 80GB,Enterprise,PyTorch Training,User_Stopped,37.6,85,64,97.71,98.89,2026-01-28 02:13:00,2026-01-29 15:49:00
us-east-1,RTX 4090,Enterprise,ComfyUI / Stable Diffusion,CUDA_Out_Of_Memory,17.4,71,64,82.85,17.19,2026-02-27 03:09:00,2026-02-27 20:33:00
ap-southeast-1,T4,Free,Web App Hosting,CUDA_Out_Of_Memory,10.2,46,16,145.41,9.31,2026-03-27 11:13:00,2026-03-27 21:25:00
eu-central-1,CPU-Only,Free,Web App Hosting,Hardware_Fault,11.1,47,16,201.1,10.61,2026-03-11 12:10:00,2026-03-11 23:16:00
us-east-1,CPU-Only,Free,Web App Hosting,Out_of_Credit,8.3,37,32,167.7,8.8,2026-03-22 15:11:00,2026-03-22 23:29:00
eu-central-1,RTX 4090,Pro,PyTorch Training,Hardware_Fault,46.1,85,64,13.31,35.24,2026-04-28 02:30:00,2026-04-30 00:36:00
eu-central-1,CPU-Only,Free,Web App Hosting,Out_of_Credit,10.7,16,32,46.35,2.85,2026-01-23 01:12:00,2026-01-23 11:54:00
us-east-1,CPU-Only,Free,Relational Database,Hardware_Fault,3.5,19,32,85.45,4.45,2026-04-13 03:17:00,2026-04-13 06:47:00
ap-southeast-1,RTX 4090,Enterprise,PyTorch Training,Hardware_Fault,15.5,89,32,16.53,12.45,2026-03-25 09:45:00,2026-03-26 01:15:00
eu-central-1,CPU-Only,Free,Web App Hosting,User_Stopped,2.5,16,32,52.32,2.74,2026-02-12 00:21:00,2026-02-12 02:51:00
eu-central-1,RTX 4090,Pro,PyTorch Training,User_Stopped,44.6,92,32,18.63,34.38,2026-01-17 12:57:00,2026-01-19 09:33:00
us-east-1,RTX 4090,Enterprise,PyTorch Training,User_Stopped,21.9,95,32,60.06,19.43,2026-01-31 22:39:00,2026-02-01 20:33:00
us-east-1,RTX 4090,Pro,ComfyUI / Stable Diffusion,Hardware_Fault,47.8,71,32,91.56,40.43,2026-02-26 16:13:00,2026-02-28 16:01:00
eu-central-1,CPU-Only,Free,Relational Database,Hardware_Fault,3.9,22,32,204.0,10.4,2026-02-12 04:59:00,2026-02-12 08:53:00
ap-southeast-1,A100 80GB,Enterprise,PyTorch Training,User_Stopped,37.3,100,64,14.57,93.98,2026-01-04 15:46:00,2026-01-06 05:04:00
eu-central-1,A100 80GB,Enterprise,PyTorch Training,Hardware_Fault,40.1,100,128,178.55,109.18,2026-04-21 01:45:00,2026-04-22 17:51:00
eu-central-1,RTX 4090,Pro,ComfyUI / Stable Diffusion,Out_of_Credit,18.2,62,64,29.47,15.12,2026-01-20 14:53:00,2026-01-21 09:05:00
eu-central-1,RTX 4090,Enterprise,PyTorch Training,Out_of_Credit,34.3,99,64,177.35,34.59,2026-04-28 06:47:00,2026-04-29 17:05:00
ap-southeast-1,CPU-Only,Free,Web App Hosting,User_Stopped,1.6,49,32,124.14,6.29,2026-03-29 13:37:00,2026-03-29 15:13:00
us-east-1,A100 80GB,Enterprise,PyTorch Training,Hardware_Fault,32.4,93,128,219.98,92.0,2026-01-11 12:00:00,2026-01-12 20:24:00
ap-southeast-1,RTX 4090,Enterprise,ComfyUI / Stable Diffusion,CUDA_Out_Of_Memory,45.2,67,32,239.5,45.88,2026-02-04 01:57:00,2026-02-05 23:09:00
us-east-1,T4,Pro,Web App Hosting,Out_of_Credit,4.8,39,32,121.49,7.03,2026-01-27 15:45:00,2026-01-27 20:33:00
ap-southeast-1,A100 80GB,Enterprise,PyTorch Training,CUDA_Out_Of_Memory,46.0,95,128,156.18,122.81,2026-01-28 22:08:00,2026-01-30 20:08:00
eu-central-1,RTX 4090,Pro,ComfyUI / Stable Diffusion,User_Stopped,24.9,68,32,229.18,30.13,2026-02-23 11:27:00,2026-02-24 12:21:00
ap-southeast-1,CPU-Only,Free,Web App Hosting,Out_of_Credit,4.7,45,16,120.02,6.24,2026-04-11 07:50:00,2026-04-11 12:32:00
us-east-1,CPU-Only,Free,Web App Hosting,User_Stopped,2.9,45,32,115.67,5.93,2026-02-28 20:06:00,2026-02-28 23:00:00
ap-southeast-1,CPU-Only,Free,Web App Hosting,User_Stopped,8.9,23,32,197.78,10.33,2026-03-23 20:11:00,2026-03-24 05:05:00
eu-central-1,T4,Pro,ComfyUI / Stable Diffusion,Hardware_Fault,11.1,77,16,176.19,11.03,2026-01-22 13:09:00,2026-01-23 00:15:00
ap-southeast-1,A100 80GB,Enterprise,PyTorch Training,Out_of_Credit,70.1,87,64,98.99,180.2,2026-01-08 14:31:00,2026-01-11 12:37:00
ap-southeast-1,RTX 4090,Pro,ComfyUI / Stable Diffusion,CUDA_Out_Of_Memory,35.5,68,32,56.69,29.46,2026-02-08 16:31:00,2026-02-10 04:01:00
ap-southeast-1,CPU-Only,Free,Relational Database,Hardware_Fault,3.9,28,32,123.1,6.35,2026-02-11 23:44:00,2026-02-12 03:38:00
eu-central-1,T4,Pro,Web App Hosting,User_Stopped,18.7,22,16,1.87,3.83,2026-01-28 02:47:00,2026-01-28 21:29:00
ap-southeast-1,T4,Pro,Web App Hosting,Out_of_Credit,20.0,48,16,25.17,5.26,2026-03-15 21:52:00,2026-03-16 17:52:00
us-east-1,T4,Pro,Web App Hosting,User_Stopped,3.1,32,16,150.4,8.14,2026-02-06 14:05:00,2026-02-06 17:11:00
ap-southeast-1,T4,Pro,Web App Hosting,User_Stopped,24.0,43,32,12.7,5.44,2026-02-16 21:32:00,2026-02-17 21:32:00
eu-central-1,CPU-Only,Free,Web App Hosting,Hardware_Fault,4.5,28,32,178.52,9.15,2026-01-30 00:03:00,2026-01-30 04:33:00
ap-southeast-1,T4,Free,ComfyUI / Stable Diffusion,CUDA_Out_Of_Memory,4.5,62,32,134.7,7.64,2026-02-08 16:39:00,2026-02-08 21:09:00
ap-southeast-1,T4,Free,Web App Hosting,CUDA_Out_Of_Memory,16.5,44,32,92.63,7.93,2026-01-23 02:17:00,2026-01-23 18:47:00
eu-central-1,CPU-Only,Free,Relational Database,User_Stopped,9.4,13,32,208.42,10.89,2026-03-23 20:12:00,2026-03-24 05:36:00
eu-central-1,T4,Pro,ComfyUI / Stable Diffusion,Hardware_Fault,8.5,62,16,200.39,11.72,2026-03-19 02:13:00,2026-03-19 10:43:00
us-east-1,CPU-Only,Free,Web App Hosting,Out_of_Credit,6.8,24,16,25.03,1.59,2026-04-13 18:45:00,2026-04-14 01:33:00
us-east-1,CPU-Only,Free,Relational Database,Out_of_Credit,10.1,7,16,76.4,4.32,2026-01-09 10:24:00,2026-01-09 20:30:00
ap-southeast-1,T4,Free,ComfyUI / Stable Diffusion,Out_of_Credit,4.5,86,16,144.87,8.14,2026-01-03 02:17:00,2026-01-03 06:47:00
ap-southeast-1,RTX 4090,Pro,PyTorch Training,Out_of_Credit,42.6,95,32,125.67,38.23,2026-03-01 10:51:00,2026-03-03 05:27:00
us-east-1,RTX 4090,Enterprise,PyTorch Training,Out_of_Credit,12.6,86,64,91.63,14.03,2026-03-08 00:39:00,2026-03-08 13:15:00
ap-southeast-1,T4,Free,Web App Hosting,Hardware_Fault,13.4,19,32,47.44,5.05,2026-01-31 12:31:00,2026-02-01 01:55:00
us-east-1,RTX 4090,Pro,PyTorch Training,CUDA_Out_Of_Memory,42.3,85,64,154.28,39.44,2026-02-13 16:11:00,2026-02-15 10:29:00
us-east-1,CPU-Only,Free,Relational Database,Out_of_Credit,0.5,20,16,61.78,3.11,2026-02-13 13:37:00,2026-02-13 14:07:00
eu-central-1,T4,Pro,ComfyUI / Stable Diffusion,User_Stopped,6.6,75,16,200.44,11.34,2026-02-20 12:16:00,2026-02-20 18:52:00
eu-central-1,RTX 4090,Enterprise,ComfyUI / Stable Diffusion,User_Stopped,31.1,88,64,203.5,33.5,2026-03-13 08:32:00,2026-03-14 15:38:00
ap-southeast-1,CPU-Only,Free,Relational Database,User_Stopped,6.8,28,32,204.38,10.56,2026-04-23 23:41:00,2026-04-24 06:29:00
eu-central-1,T4,Pro,ComfyUI / Stable Diffusion,CUDA_Out_Of_Memory,15.8,65,32,41.99,5.26,2026-04-19 01:30:00,2026-04-19 17:18:00
ap-southeast-1,T4,Pro,ComfyUI / Stable Diffusion,CUDA_Out_Of_Memory,6.9,67,16,76.33,5.2,2026-01-07 05:27:00,2026-01-07 12:21:00
us-east-1,A100 80GB,Enterprise,PyTorch Training,Out_of_Credit,34.3,95,128,36.72,87.59,2026-01-08 21:27:00,2026-01-10 07:45:00
eu-central-1,A100 80GB,Enterprise,PyTorch Training,Out_of_Credit,62.4,99,64,82.11,160.11,2026-02-03 20:10:00,2026-02-06 10:34:00
eu-central-1,RTX 4090,Enterprise,PyTorch Training,User_Stopped,13.4,85,32,52.07,12.65,2026-03-29 02:43:00,2026-03-29 16:07:00
us-east-1,A100 80GB,Enterprise,PyTorch Training,Out_of_Credit,48.0,94,128,103.11,125.16,2026-02-03 02:43:00,2026-02-05 02:43:00
ap-southeast-1,CPU-Only,Free,Relational Database,User_Stopped,11.1,28,16,7.51,0.93,2026-02-06 13:04:00,2026-02-07 00:10:00
us-east-1,T4,Pro,ComfyUI / Stable Diffusion,Hardware_Fault,5.3,74,16,85.21,5.32,2026-03-14 00:13:00,2026-03-14 05:31:00
ap-southeast-1,RTX 4090,Enterprise,PyTorch Training,User_Stopped,31.7,88,32,97.93,28.67,2026-01-26 13:47:00,2026-01-27 21:29:00
eu-central-1,T4,Pro,ComfyUI / Stable Diffusion,Out_of_Credit,7.6,64,32,110.81,7.06,2026-03-26 13:49:00,2026-03-26 21:25:00
us-east-1,RTX 4090,Pro,ComfyUI / Stable Diffusion,Hardware_Fault,19.8,78,64,151.43,22.42,2026-01-17 06:55:00,2026-01-18 02:43:00
us-east-1,CPU-Only,Free,Relational Database,Hardware_Fault,0.7,9,16,96.09,4.84,2026-04-01 03:11:00,2026-04-01 03:53:00
ap-southeast-1,T4,Free,ComfyUI / Stable Diffusion,Hardware_Fault,14.6,65,16,34.3,4.64,2026-02-16 06:22:00,2026-02-16 20:58:00
ap-southeast-1,CPU-Only,Free,Web App Hosting,Out_of_Credit,4.7,40,16,107.45,5.61,2026-04-06 21:02:00,2026-04-07 01:44:00
eu-central-1,RTX 4090,Enterprise,PyTorch Training,Hardware_Fault,16.2,87,64,182.51,21.28,2026-03-15 08:22:00,2026-03-16 00:34:00
us-east-1,T4,Pro,ComfyUI / Stable Diffusion,CUDA_Out_Of_Memory,8.0,77,16,237.98,13.5,2026-01-14 11:24:00,2026-01-14 19:24:00
ap-southeast-1,A100 80GB,Enterprise,PyTorch Training,User_Stopped,63.9,96,128,166.64,168.08,2026-04-05 10:48:00,2026-04-08 02:42:00
eu-central-1,A100 80GB,Enterprise,PyTorch Training,CUDA_Out_Of_Memory,45.9,88,64,185.91,124.05,2026-02-05 06:17:00,2026-02-07 04:11:00
us-east-1,T4,Pro,Web App Hosting,CUDA_Out_Of_Memory,4.2,40,32,216.51,11.67,2026-01-13 15:45:00,2026-01-13 19:57:00
eu-central-1,CPU-Only,Free,Web App Hosting,Out_of_Credit,2.6,10,16,178.18,9.04,2026-02-19 19:43:00,2026-02-19 22:19:00
ap-southeast-1,RTX 4090,Enterprise,ComfyUI / Stable Diffusion,CUDA_Out_Of_Memory,33.0,63,32,188.41,34.17,2026-01-23 08:07:00,2026-01-24 17:07:00
ap-southeast-1,T4,Pro,ComfyUI / Stable Diffusion,Out_of_Credit,12.8,76,16,55.03,5.31,2026-03-11 23:00:00,2026-03-12 11:48:00
us-east-1,CPU-Only,Free,Web App Hosting,User_Stopped,3.9,21,32,114.8,5.94,2026-04-11 11:01:00,2026-04-11 14:55:00
ap-southeast-1,T4,Free,ComfyUI / Stable Diffusion,User_Stopped,6.8,61,16,156.99,9.21,2026-02-27 21:28:00,2026-02-28 04:16:00
ap-southeast-1,T4,Free,ComfyUI / Stable Diffusion,CUDA_Out_Of_Memory,9.8,67,16,214.55,12.69,2026-02-12 16:56:00,2026-02-13 02:44:00
us-east-1,RTX 4090,Pro,ComfyUI / Stable Diffusion,Out_of_Credit,35.8,75,64,158.5,34.78,2026-02-07 19:51:00,2026-02-09 07:39:00
eu-central-1,RTX 4090,Enterprise,ComfyUI / Stable Diffusion,Out_of_Credit,13.2,77,64,248.1,22.3,2026-01-18 17:29:00,2026-01-19 06:41:00
us-east-1,CPU-Only,Free,Web App Hosting,Out_of_Credit,11.6,37,32,104.07,5.78,2026-02-01 15:16:00,2026-02-02 02:52:00
eu-central-1,CPU-Only,Free,Web App Hosting,Out_of_Credit,3.5,12,32,32.08,1.78,2026-02-28 01:32:00,2026-02-28 05:02:00
eu-central-1,CPU-Only,Free,Relational Database,Hardware_Fault,2.8,28,16,217.55,11.02,2026-04-19 21:35:00,2026-04-20 00:23:00
eu-central-1,T4,Free,Web App Hosting,Out_of_Credit,13.6,45,32,6.74,3.06,2026-02-14 03:48:00,2026-02-14 17:24:00
ap-southeast-1,T4,Free,Web App Hosting,Out_of_Credit,17.7,19,16,91.64,8.12,2026-04-16 00:41:00,2026-04-16 18:23:00
us-east-1,CPU-Only,Free,Web App Hosting,Hardware_Fault,5.3,27,32,25.22,1.53,2026-02-03 02:12:00,2026-02-03 07:30:00
eu-central-1,CPU-Only,Free,Relational Database,User_Stopped,4.2,19,32,198.69,10.14,2026-01-23 10:57:00,2026-01-23 15:09:00
eu-central-1,A100 80GB,Enterprise,PyTorch Training,Hardware_Fault,66.0,97,128,242.53,177.13,2026-01-01 21:51:00,2026-01-04 15:51:00
ap-southeast-1,CPU-Only,Free,Web App Hosting,Out_of_Credit,3.6,38,16,199.12,10.14,2026-04-18 04:40:00,2026-04-18 08:16:00
eu-central-1,CPU-Only,Free,Web App Hosting,User_Stopped,4.9,38,16,57.95,3.14,2026-02-25 19:43:00,2026-02-26 00:37:00
us-east-1,T4,Free,Web App Hosting,User_Stopped,14.7,23,32,215.36,13.71,2026-03-13 01:51:00,2026-03-13 16:33:00
us-east-1,RTX 4090,Pro,ComfyUI / Stable Diffusion,Out_of_Credit,40.4,91,32,98.57,35.23,2026-03-05 14:27:00,2026-03-07 06:51:00
eu-central-1,T4,Free,Web App Hosting,Out_of_Credit,22.4,32,32,77.19,8.34,2026-04-27 09:18:00,2026-04-28 07:42:00
ap-southeast-1,CPU-Only,Free,Relational Database,Out_of_Credit,6.4,26,32,238.74,12.26,2026-02-23 00:14:00,2026-02-23 06:38:00
us-east-1,T4,Pro,ComfyUI / Stable Diffusion,CUDA_Out_Of_Memory,20.9,76,16,36.41,6.0,2026-03-17 08:32:00,2026-03-18 05:26:00
eu-central-1,T4,Pro,ComfyUI / Stable Diffusion,Hardware_Fault,7.8,83,16,212.8,12.2,2026-04-17 21:49:00,2026-04-18 05:37:00
us-east-1,A100 80GB,Enterprise,PyTorch Training,CUDA_Out_Of_Memory,46.0,88,128,216.03,125.8,2026-04-29 13:15:00,2026-05-01 11:15:00
ap-southeast-1,CPU-Only,Free,Web App Hosting,User_Stopped,11.6,25,32,238.05,12.48,2026-01-08 09:32:00,2026-01-08 21:08:00
us-east-1,RTX 4090,Pro,ComfyUI / Stable Diffusion,Hardware_Fault,35.0,89,32,41.38,28.32,2026-04-22 02:48:00,2026-04-23 13:48:00
eu-central-1,RTX 4090,Pro,ComfyUI / Stable Diffusion,CUDA_Out_Of_Memory,13.3,70,64,152.82,17.62,2026-01-15 13:21:00,2026-01-16 02:39:00
eu-central-1,T4,Free,ComfyUI / Stable Diffusion,Hardware_Fault,6.2,89,16,6.07,1.54,2026-01-25 08:30:00,2026-01-25 14:42:00
us-east-1,RTX 4090,Enterprise,PyTorch Training,CUDA_Out_Of_Memory,24.5,88,64,32.05,19.98,2026-04-14 16:14:00,2026-04-15 16:44:00
us-east-1,RTX 4090,Pro,PyTorch Training,Out_of_Credit,13.8,91,64,65.29,13.61,2026-01-19 23:14:00,2026-01-20 13:02:00
eu-central-1,T4,Free,ComfyUI / Stable Diffusion,Out_of_Credit,16.5,81,16,214.9,14.05,2026-01-31 09:21:00,2026-02-01 01:51:00
eu-central-1,CPU-Only,Free,Web App Hosting,User_Stopped,9.0,39,32,97.15,5.31,2026-04-06 23:25:00,2026-04-07 08:25:00
ap-southeast-1,A100 80GB,Enterprise,PyTorch Training,Hardware_Fault,65.8,88,128,104.21,169.71,2026-01-05 19:54:00,2026-01-08 13:42:00
ap-southeast-1,CPU-Only,Free,Relational Database,Hardware_Fault,10.6,16,32,152.53,8.16,2026-03-15 05:06:00,2026-03-15 15:42:00
us-east-1,CPU-Only,Free,Web App Hosting,Hardware_Fault,2.5,29,16,186.9,9.47,2026-03-01 15:42:00,2026-03-01 18:12:00
us-east-1,CPU-Only,Free,Relational Database,Out_of_Credit,11.3,29,32,86.19,4.87,2026-02-06 01:03:00,2026-02-06 12:21:00
ap-southeast-1,A100 80GB,Enterprise,PyTorch Training,CUDA_Out_Of_Memory,51.3,92,128,240.28,140.26,2026-02-10 10:32:00,2026-02-12 13:50:00
ap-southeast-1,CPU-Only,Free,Web App Hosting,User_Stopped,4.8,26,32,210.46,10.76,2026-04-04 17:34:00,2026-04-04 22:22:00
us-east-1,T4,Free,Web App Hosting,CUDA_Out_Of_Memory,7.9,49,32,132.23,8.19,2026-02-10 12:20:00,2026-02-10 20:14:00
us-east-1,CPU-Only,Free,Relational Database,Out_of_Credit,0.5,28,32,83.13,4.18,2026-02-11 09:18:00,2026-02-11 09:48:00
ap-southeast-1,T4,Free,ComfyUI / Stable Diffusion,CUDA_Out_Of_Memory,5.9,81,16,199.14,11.14,2026-03-26 03:57:00,2026-03-26 09:51:00
ap-southeast-1,T4,Pro,Web App Hosting,Out_of_Credit,23.0,49,32,44.11,6.81,2026-02-26 08:21:00,2026-02-27 07:21:00
us-east-1,CPU-Only,Free,Relational Database,Out_of_Credit,10.9,25,32,102.26,5.66,2026-03-23 07:55:00,2026-03-23 18:49:00
ap-southeast-1,CPU-Only,Free,Relational Database,Out_of_Credit,3.1,14,16,84.2,4.36,2026-02-14 17:21:00,2026-02-14 20:27:00
eu-central-1,CPU-Only,Free,Web App Hosting,Out_of_Credit,9.8,34,32,247.76,12.88,2026-01-19 17:53:00,2026-01-20 03:41:00
ap-southeast-1,CPU-Only,Free,Web App Hosting,User_Stopped,11.9,35,32,41.58,2.67,2026-02-23 01:28:00,2026-02-23 13:22:00
eu-central-1,T4,Free,ComfyUI / Stable Diffusion,Hardware_Fault,22.0,63,16,200.3,14.42,2026-03-05 13:23:00,2026-03-06 11:23:00
us-east-1,CPU-Only,Free,Relational Database,User_Stopped,2.9,17,16,130.81,6.69,2026-03-17 11:49:00,2026-03-17 14:43:00
eu-central-1,T4,Free,ComfyUI / Stable Diffusion,CUDA_Out_Of_Memory,10.0,79,16,27.88,3.39,2026-03-13 18:26:00,2026-03-14 04:26:00
eu-central-1,CPU-Only,Free,Web App Hosting,Out_of_Credit,2.9,19,32,86.42,4.47,2026-03-24 05:25:00,2026-03-24 08:19:00
eu-central-1,CPU-Only,Free,Web App Hosting,Hardware_Fault,5.3,20,32,93.45,4.94,2026-02-26 10:58:00,2026-02-26 16:16:00
us-east-1,CPU-Only,Free,Web App Hosting,User_Stopped,8.3,16,32,219.03,11.37,2026-03-04 19:56:00,2026-03-05 04:14:00
us-east-1,RTX 4090,Pro,PyTorch Training,CUDA_Out_Of_Memory,35.8,92,32,156.07,34.65,2026-01-28 00:18:00,2026-01-29 12:06:00
eu-central-1,CPU-Only,Free,Relational Database,User_Stopped,5.1,22,16,50.13,2.76,2026-02-10 07:15:00,2026-02-10 12:21:00
us-east-1,RTX 4090,Pro,PyTorch Training,Out_of_Credit,43.4,93,64,159.67,40.53,2026-02-23 22:27:00,2026-02-25 17:51:00
eu-central-1,CPU-Only,Free,Relational Database,Out_of_Credit,5.9,13,32,109.6,5.78,2026-01-02 19:28:00,2026-01-03 01:22:00
eu-central-1,A100 80GB,Enterprise,PyTorch Training,User_Stopped,49.6,95,64,128.4,130.42,2026-04-22 15:37:00,2026-04-24 17:13:00
ap-southeast-1,CPU-Only,Free,Web App Hosting,Hardware_Fault,11.3,23,32,207.09,10.92,2026-04-14 10:34:00,2026-04-14 21:52:00
ap-southeast-1,CPU-Only,Free,Relational Database,Out_of_Credit,11.8,17,32,126.08,6.89,2026-03-06 04:43:00,2026-03-06 16:31:00
eu-central-1,CPU-Only,Free,Relational Database,User_Stopped,6.1,14,16,102.85,5.45,2026-01-20 20:46:00,2026-01-21 02:52:00
us-east-1,CPU-Only,Free,Relational Database,Hardware_Fault,4.9,29,16,210.78,10.78,2026-01-12 09:07:00,2026-01-12 14:01:00
us-east-1,T4,Free,Web App Hosting,CUDA_Out_Of_Memory,20.8,22,16,133.12,10.82,2026-04-15 18:20:00,2026-04-16 15:08:00
us-east-1,T4,Pro,ComfyUI / Stable Diffusion,Hardware_Fault,22.8,86,16,131.99,11.16,2026-01-25 11:19:00,2026-01-26 10:07:00
eu-central-1,T4,Free,Web App Hosting,User_Stopped,15.9,38,16,162.6,11.31,2026-04-03 19:57:00,2026-04-04 11:51:00
eu-central-1,A100 80GB,Enterprise,PyTorch Training,Hardware_Fault,32.4,87,64,202.71,91.14,2026-04-28 22:31:00,2026-04-30 06:55:00
us-east-1,CPU-Only,Free,Web App Hosting,Hardware_Fault,5.1,44,16,207.49,10.63,2026-03-21 07:37:00,2026-03-21 12:43:00
us-east-1,CPU-Only,Free,Relational Database,Hardware_Fault,9.5,12,32,40.27,2.49,2026-01-22 15:52:00,2026-01-23 01:22:00
eu-central-1,CPU-Only,Free,Relational Database,User_Stopped,3.6,22,16,25.71,1.47,2026-02-02 06:58:00,2026-02-02 10:34:00
ap-southeast-1,CPU-Only,Free,Relational Database,Hardware_Fault,3.7,14,16,112.58,5.81,2026-04-13 17:08:00,2026-04-13 20:50:00
ap-southeast-1,T4,Free,Web App Hosting,Out_of_Credit,8.9,25,16,238.05,13.68,2026-04-01 09:55:00,2026-04-01 18:49:00
us-east-1,T4,Pro,Web App Hosting,CUDA_Out_Of_Memory,22.3,29,32,62.82,7.6,2026-02-05 03:59:00,2026-02-06 02:17:00
ap-southeast-1,T4,Pro,Web App Hosting,Out_of_Credit,20.4,31,32,186.78,13.42,2026-04-10 04:30:00,2026-04-11 00:54:00
us-east-1,T4,Pro,Web App Hosting,Out_of_Credit,7.5,13,16,93.62,6.18,2026-01-13 23:17:00,2026-01-14 06:47:00
us-east-1,RTX 4090,Enterprise,PyTorch Training,Hardware_Fault,27.4,96,32,142.56,27.68,2026-01-22 14:45:00,2026-01-23 18:09:00
ap-southeast-1,RTX 4090,Enterprise,ComfyUI / Stable Diffusion,Out_of_Credit,37.5,93,64,237.25,39.99,2026-04-22 00:49:00,2026-04-23 14:19:00
eu-central-1,CPU-Only,Free,Relational Database,User_Stopped,3.0,25,32,140.13,7.16,2026-01-15 05:04:00,2026-01-15 08:04:00
eu-central-1,T4,Pro,Web App Hosting,Out_of_Credit,17.2,19,32,13.51,4.12,2026-03-12 04:41:00,2026-03-12 21:53:00
ap-southeast-1,RTX 4090,Pro,ComfyUI / Stable Diffusion,CUDA_Out_Of_Memory,43.8,65,32,221.57,43.93,2026-01-02 03:03:00,2026-01-03 22:51:00
eu-central-1,CPU-Only,Free,Relational Database,Out_of_Credit,4.0,8,32,243.08,12.35,2026-03-07 21:03:00,2026-03-08 01:03:00
eu-central-1,T4,Pro,ComfyUI / Stable Diffusion,User_Stopped,20.6,91,32,40.84,6.16,2026-04-12 23:45:00,2026-04-13 20:21:00
us-east-1,RTX 4090,Enterprise,PyTorch Training,User_Stopped,23.0,94,64,132.28,23.86,2026-02-15 23:09:00,2026-02-16 22:09:00
eu-central-1,A100 80GB,Enterprise,PyTorch Training,CUDA_Out_Of_Memory,37.8,87,64,226.42,105.82,2026-03-13 07:51:00,2026-03-14 21:39:00
ap-southeast-1,CPU-Only,Free,Web App Hosting,User_Stopped,10.0,25,16,202.46,10.62,2026-03-21 02:32:00,2026-03-21 12:32:00
eu-central-1,RTX 4090,Pro,ComfyUI / Stable Diffusion,User_Stopped,28.8,64,32,49.49,24.07,2026-01-03 17:47:00,2026-01-04 22:35:00
ap-southeast-1,CPU-Only,Free,Web App Hosting,User_Stopped,0.9,23,32,64.0,3.24,2026-02-11 23:47:00,2026-02-12 00:41:00
ap-southeast-1,T4,Pro,ComfyUI / Stable Diffusion,Hardware_Fault,4.8,63,32,78.11,4.87,2026-01-08 09:56:00,2026-01-08 14:44:00
eu-central-1,CPU-Only,Free,Web App Hosting,User_Stopped,8.1,47,16,245.59,12.68,2026-03-11 17:43:00,2026-03-12 01:49:00
eu-central-1,A100 80GB,Enterprise,PyTorch Training,CUDA_Out_Of_Memory,48.2,90,128,128.67,126.93,2026-04-06 07:31:00,2026-04-08 07:43:00
us-east-1,CPU-Only,Free,Relational Database,Out_of_Credit,10.6,27,32,111.92,6.13,2026-01-22 14:26:00,2026-01-23 01:02:00
ap-southeast-1,CPU-Only,Free,Web App Hosting,Out_of_Credit,9.4,34,32,60.46,3.49,2026-04-20 16:56:00,2026-04-21 02:20:00
eu-central-1,CPU-Only,Free,Relational Database,Hardware_Fault,6.4,15,16,180.95,9.37,2026-01-19 01:41:00,2026-01-19 08:05:00
us-east-1,RTX 4090,Enterprise,ComfyUI / Stable Diffusion,Hardware_Fault,44.2,87,32,151.6,40.73,2026-01-27 01:50:00,2026-01-28 22:02:00
eu-central-1,RTX 4090,Pro,PyTorch Training,Hardware_Fault,35.0,94,32,242.19,38.36,2026-01-11 01:25:00,2026-01-12 12:25:00
eu-central-1,CPU-Only,Free,Web App Hosting,Hardware_Fault,5.7,47,16,147.64,7.67,2026-02-14 20:01:00,2026-02-15 01:43:00
ap-southeast-1,CPU-Only,Free,Relational Database,Hardware_Fault,11.7,9,16,175.14,9.34,2026-02-18 06:00:00,2026-02-18 17:42:00
ap-southeast-1,T4,Pro,ComfyUI / Stable Diffusion,User_Stopped,22.2,90,16,162.69,12.57,2026-01-27 00:52:00,2026-01-27 23:04:00
eu-central-1,T4,Pro,ComfyUI / Stable Diffusion,Hardware_Fault,21.9,74,16,44.65,6.61,2026-02-21 16:57:00,2026-02-22 14:51:00
us-east-1,RTX 4090,Enterprise,PyTorch Training,Hardware_Fault,37.6,88,64,29.76,29.69,2026-02-19 10:35:00,2026-02-21 00:11:00
eu-central-1,CPU-Only,Free,Web App Hosting,User_Stopped,10.6,39,32,187.99,9.93,2026-01-04 09:10:00,2026-01-04 19:46:00
ap-southeast-1,T4,Free,Web App Hosting,Out_of_Credit,17.5,12,32,95.83,8.29,2026-02-27 22:25:00,2026-02-28 15:55:00
us-east-1,CPU-Only,Free,Relational Database,Out_of_Credit,5.5,14,32,202.99,10.42,2026-02-26 06:23:00,2026-02-26 11:53:00
eu-central-1,RTX 4090,Enterprise,ComfyUI / Stable Diffusion,CUDA_Out_Of_Memory,26.9,75,32,215.73,30.96,2026-04-19 07:40:00,2026-04-20 10:34:00
us-east-1,A100 80GB,Enterprise,PyTorch Training,Hardware_Fault,42.0,91,128,95.5,109.78,2026-01-17 02:47:00,2026-01-18 20:47:00
us-east-1,CPU-Only,Free,Web App Hosting,Hardware_Fault,11.9,30,16,33.73,2.28,2026-03-04 16:10:00,2026-03-05 04:04:00
eu-central-1,A100 80GB,Enterprise,PyTorch Training,CUDA_Out_Of_Memory,24.6,99,64,84.59,65.73,2026-02-06 00:28:00,2026-02-07 01:04:00
ap-southeast-1,T4,Free,ComfyUI / Stable Diffusion,CUDA_Out_Of_Memory,12.3,75,16,39.37,4.43,2026-04-02 17:35:00,2026-04-03 05:53:00
ap-southeast-1,A100 80GB,Enterprise,PyTorch Training,Out_of_Credit,34.0,90,64,33.23,86.66,2026-02-24 08:45:00,2026-02-25 18:45:00
ap-southeast-1,CPU-Only,Free,Web App Hosting,User_Stopped,2.9,30,16,19.34,1.11,2026-04-01 12:22:00,2026-04-01 15:16:00
ap-southeast-1,RTX 4090,Enterprise,PyTorch Training,User_Stopped,23.3,91,64,173.18,26.13,2026-03-14 15:56:00,2026-03-15 15:14:00
us-east-1,CPU-Only,Free,Relational Database,User_Stopped,0.7,13,32,129.44,6.51,2026-03-24 13:05:00,2026-03-24 13:47:00
eu-central-1,CPU-Only,Free,Relational Database,Hardware_Fault,11.8,26,32,229.06,12.04,2026-01-16 05:42:00,2026-01-16 17:30:00
eu-central-1,RTX 4090,Pro,PyTorch Training,Out_of_Credit,40.4,91,64,86.95,34.65,2026-03-08 16:49:00,2026-03-10 09:13:00
us-east-1,CPU-Only,Free,Relational Database,User_Stopped,5.8,27,16,248.76,12.73,2026-03-20 00:06:00,2026-03-20 05:54:00
eu-central-1,CPU-Only,Free,Relational Database,User_Stopped,0.8,28,16,14.97,0.79,2026-03-31 03:45:00,2026-03-31 04:33:00
eu-central-1,CPU-Only,Free,Web App Hosting,User_Stopped,1.1,10,32,168.53,8.48,2026-03-01 19:00:00,2026-03-01 20:06:00
us-east-1,RTX 4090,Enterprise,PyTorch Training,Hardware_Fault,41.7,93,32,170.0,39.78,2026-01-31 02:49:00,2026-02-01 20:31:00
ap-southeast-1,RTX 4090,Pro,ComfyUI / Stable Diffusion,Out_of_Credit,15.4,71,32,184.18,20.76,2026-02-05 16:17:00,2026-02-06 07:41:00
ap-southeast-1,CPU-Only,Free,Web App Hosting,Out_of_Credit,1.2,15,32,61.12,3.12,2026-03-15 20:17:00,2026-03-15 21:29:00
eu-central-1,T4,Pro,ComfyUI / Stable Diffusion,Out_of_Credit,12.2,71,16,201.1,12.5,2026-01-31 01:30:00,2026-01-31 13:42:00
eu-central-1,T4,Pro,ComfyUI / Stable Diffusion,Hardware_Fault,9.6,77,32,14.74,2.66,2026-01-05 15:55:00,2026-01-06 01:31:00
us-east-1,CPU-Only,Free,Web App Hosting,Out_of_Credit,0.9,20,32,52.44,2.67,2026-03-15 23:44:00,2026-03-16 00:38:00
us-east-1,RTX 4090,Pro,ComfyUI / Stable Diffusion,CUDA_Out_Of_Memory,46.5,62,64,31.56,36.45,2026-03-03 00:40:00,2026-03-04 23:10:00
ap-southeast-1,CPU-Only,Free,Web App Hosting,Out_of_Credit,3.7,36,16,196.9,10.03,2026-04-01 14:11:00,2026-04-01 17:53:00
ap-southeast-1,RTX 4090,Enterprise,ComfyUI / Stable Diffusion,Out_of_Credit,30.9,74,64,211.81,33.77,2026-02-05 21:43:00,2026-02-07 04:37:00
ap-southeast-1,CPU-Only,Free,Web App Hosting,User_Stopped,6.6,10,32,180.93,9.38,2026-01-21 13:14:00,2026-01-21 19:50:00
us-east-1,T4,Pro,Web App Hosting,Hardware_Fault,13.2,31,16,34.11,4.35,2026-01-28 21:02:00,2026-01-29 10:14:00
ap-southeast-1,CPU-Only,Free,Relational Database,Hardware_Fault,3.3,19,16,120.1,6.17,2026-02-10 09:44:00,2026-02-10 13:02:00
eu-central-1,CPU-Only,Free,Relational Database,User_Stopped,9.6,15,32,238.99,12.43,2026-01-04 20:01:00,2026-01-05 05:37:00
ap-southeast-1,T4,Free,ComfyUI / Stable Diffusion,User_Stopped,4.2,80,16,223.74,12.03,2026-04-01 08:05:00,2026-04-01 12:17:00
eu-central-1,T4,Free,ComfyUI / Stable Diffusion,User_Stopped,20.9,81,16,237.6,16.06,2026-02-07 11:42:00,2026-02-08 08:36:00
eu-central-1,CPU-Only,Free,Web App Hosting,Out_of_Credit,2.3,43,16,146.82,7.46,2026-02-04 23:47:00,2026-02-05 02:05:00
us-east-1,T4,Pro,ComfyUI / Stable Diffusion,Out_of_Credit,11.8,91,16,71.57,5.94,2026-03-01 15:07:00,2026-03-02 02:55:00
eu-central-1,A100 80GB,Enterprise,PyTorch Training,User_Stopped,52.5,98,128,110.65,136.78,2026-03-12 02:40:00,2026-03-14 07:10:00
us-east-1,T4,Pro,Web App Hosting,User_Stopped,7.7,22,32,102.98,6.69,2026-02-09 02:31:00,2026-02-09 10:13:00
us-east-1,T4,Free,ComfyUI / Stable Diffusion,Out_of_Credit,4.5,83,32,113.3,6.56,2026-02-13 13:37:00,2026-02-13 18:07:00
ap-southeast-1,RTX 4090,Pro,ComfyUI / Stable Diffusion,CUDA_Out_Of_Memory,17.1,71,32,173.34,21.49,2026-03-02 01:59:00,2026-03-02 19:05:00
eu-central-1,T4,Pro,Web App Hosting,Hardware_Fault,5.4,39,32,47.97,3.48,2026-02-21 06:44:00,2026-02-21 12:08:00
ap-southeast-1,T4,Free,ComfyUI / Stable Diffusion,User_Stopped,4.9,93,16,238.69,12.91,2026-03-11 01:09:00,2026-03-11 06:03:00
us-east-1,A100 80GB,Enterprise,PyTorch Training,Out_of_Credit,51.6,95,64,50.56,131.53,2026-02-24 05:55:00,2026-02-26 09:31:00
ap-southeast-1,RTX 4090,Pro,PyTorch Training,Out_of_Credit,14.7,86,64,89.58,15.5,2026-04-30 04:05:00,2026-04-30 18:47:00
us-east-1,A100 80GB,Enterprise,PyTorch Training,Out_of_Credit,71.9,96,64,16.68,180.58,2026-04-29 04:51:00,2026-05-02 04:45:00
ap-southeast-1,RTX 4090,Enterprise,ComfyUI / Stable Diffusion,User_Stopped,25.4,68,32,142.33,26.17,2026-01-14 13:49:00,2026-01-15 15:13:00
eu-central-1,T4,Pro,ComfyUI / Stable Diffusion,Out_of_Credit,19.7,73,32,41.09,5.99,2026-04-09 03:47:00,2026-04-09 23:29:00
eu-central-1,T4,Pro,Web App Hosting,Out_of_Credit,20.7,12,32,10.99,4.69,2026-04-01 10:28:00,2026-04-02 07:10:00
us-east-1,T4,Free,ComfyUI / Stable Diffusion,CUDA_Out_Of_Memory,4.0,82,16,153.54,8.48,2026-02-12 00:46:00,2026-02-12 04:46:00
ap-southeast-1,RTX 4090,Pro,PyTorch Training,Out_of_Credit,37.2,95,64,159.88,35.89,2026-04-23 14:20:00,2026-04-25 03:32:00
ap-southeast-1,T4,Pro,Web App Hosting,Out_of_Credit,10.3,38,32,29.34,3.53,2026-02-26 06:37:00,2026-02-26 16:55:00
ap-southeast-1,T4,Pro,ComfyUI / Stable Diffusion,Out_of_Credit,18.2,84,32,203.95,13.84,2026-01-13 21:11:00,2026-01-14 15:23:00
eu-central-1,CPU-Only,Free,Relational Database,Hardware_Fault,1.9,7,16,41.46,2.17,2026-01-07 04:39:00,2026-01-07 06:33:00
ap-southeast-1,T4,Pro,Web App Hosting,CUDA_Out_Of_Memory,20.4,35,16,48.69,6.51,2026-01-03 16:10:00,2026-01-04 12:34:00
eu-central-1,RTX 4090,Enterprise,PyTorch Training,CUDA_Out_Of_Memory,12.2,94,32,185.69,18.43,2026-03-11 13:20:00,2026-03-12 01:32:00
eu-central-1,A100 80GB,Enterprise,PyTorch Training,User_Stopped,66.1,93,64,234.1,176.96,2026-02-17 23:38:00,2026-02-20 17:44:00
us-east-1,RTX 4090,Pro,PyTorch Training,User_Stopped,31.7,93,64,211.82,34.37,2026-01-30 13:10:00,2026-01-31 20:52:00
ap-southeast-1,T4,Pro,Web App Hosting,Out_of_Credit,12.9,39,16,228.38,14.0,2026-03-16 11:18:00,2026-03-17 00:12:00
eu-central-1,CPU-Only,Free,Relational Database,User_Stopped,6.4,11,16,190.55,9.85,2026-04-26 05:17:00,2026-04-26 11:41:00
eu-central-1,RTX 4090,Pro,ComfyUI / Stable Diffusion,Hardware_Fault,35.7,86,32,30.26,28.29,2026-04-19 07:03:00,2026-04-20 18:45:00
eu-central-1,RTX 4090,Enterprise,ComfyUI / Stable Diffusion,User_Stopped,27.2,65,32,62.67,23.53,2026-01-28 10:06:00,2026-01-29 13:18:00
ap-southeast-1,CPU-Only,Free,Relational Database,User_Stopped,5.3,18,16,143.86,7.46,2026-01-19 07:04:00,2026-01-19 12:22:00
ap-southeast-1,T4,Pro,ComfyUI / Stable Diffusion,CUDA_Out_Of_Memory,15.6,83,16,194.66,12.85,2026-03-10 09:25:00,2026-03-11 01:01:00
eu-central-1,T4,Pro,Web App Hosting,Hardware_Fault,16.4,33,16,28.91,4.73,2026-03-22 05:38:00,2026-03-22 22:02:00
ap-southeast-1,T4,Pro,Web App Hosting,Hardware_Fault,7.2,27,32,109.71,6.93,2026-02-09 12:56:00,2026-02-09 20:08:00
us-east-1,T4,Free,ComfyUI / Stable Diffusion,Out_of_Credit,14.4,83,16,230.41,14.4,2026-02-23 21:31:00,2026-02-24 11:55:00
us-east-1,A100 80GB,Enterprise,PyTorch Training,Hardware_Fault,60.1,85,128,217.52,161.13,2026-04-21 18:06:00,2026-04-24 06:12:00
us-east-1,T4,Pro,ComfyUI / Stable Diffusion,CUDA_Out_Of_Memory,10.2,82,32,107.59,7.42,2026-02-28 07:36:00,2026-02-28 17:48:00
us-east-1,T4,Free,ComfyUI / Stable Diffusion,Out_of_Credit,16.6,92,32,84.58,7.55,2026-04-10 02:46:00,2026-04-10 19:22:00
eu-central-1,RTX 4090,Pro,ComfyUI / Stable Diffusion,Hardware_Fault,23.2,65,64,210.41,27.92,2026-01-08 13:55:00,2026-01-09 13:07:00
eu-central-1,A100 80GB,Enterprise,PyTorch Training,Out_of_Credit,50.7,91,64,164.18,134.96,2026-02-02 11:43:00,2026-02-04 14:25:00
us-east-1,T4,Free,ComfyUI / Stable Diffusion,Out_of_Credit,13.0,60,32,240.86,14.64,2026-01-15 05:31:00,2026-01-15 18:31:00
eu-central-1,T4,Pro,ComfyUI / Stable Diffusion,CUDA_Out_Of_Memory,7.2,85,16,136.58,8.27,2026-04-13 16:37:00,2026-04-13 23:49:00
eu-central-1,CPU-Only,Free,Web App Hosting,User_Stopped,8.0,27,16,116.81,6.24,2026-03-01 18:03:00,2026-03-02 02:03:00
us-east-1,T4,Free,ComfyUI / Stable Diffusion,CUDA_Out_Of_Memory,12.0,94,16,26.1,3.71,2026-01-22 17:30:00,2026-01-23 05:30:00
us-east-1,CPU-Only,Free,Web App Hosting,User_Stopped,11.9,42,32,48.25,3.01,2026-02-10 15:35:00,2026-02-11 03:29:00
eu-central-1,A100 80GB,Enterprise,PyTorch Training,CUDA_Out_Of_Memory,53.5,85,128,148.7,141.18,2026-02-13 00:54:00,2026-02-15 06:24:00
us-east-1,CPU-Only,Free,Relational Database,Out_of_Credit,1.4,20,16,28.49,1.49,2026-02-18 08:17:00,2026-02-18 09:41:00
ap-southeast-1,T4,Pro,ComfyUI / Stable Diffusion,Out_of_Credit,23.4,67,32,171.91,13.28,2026-03-03 01:02:00,2026-03-04 00:26:00
eu-central-1,CPU-Only,Free,Relational Database,Hardware_Fault,6.1,12,16,89.99,4.8,2026-01-13 01:56:00,2026-01-13 08:02:00
eu-central-1,CPU-Only,Free,Relational Database,User_Stopped,4.2,14,32,15.09,0.96,2026-03-19 18:20:00,2026-03-19 22:32:00
ap-southeast-1,T4,Free,Web App Hosting,Hardware_Fault,19.8,30,16,246.14,16.27,2026-03-22 11:23:00,2026-03-23 07:11:00
ap-southeast-1,T4,Pro,Web App Hosting,Hardware_Fault,7.2,33,32,244.56,13.67,2026-04-16 20:14:00,2026-04-17 03:26:00
us-east-1,T4,Pro,ComfyUI / Stable Diffusion,Out_of_Credit,14.1,86,16,84.84,7.06,2026-01-28 08:38:00,2026-01-28 22:44:00
eu-central-1,CPU-Only,Free,Web App Hosting,User_Stopped,2.3,42,32,222.36,11.23,2026-04-30 06:23:00,2026-04-30 08:41:00
us-east-1,T4,Pro,ComfyUI / Stable Diffusion,CUDA_Out_Of_Memory,14.8,76,16,221.54,14.04,2026-03-12 11:10:00,2026-03-13 01:58:00
us-east-1,CPU-Only,Free,Web App Hosting,Hardware_Fault,8.9,10,32,42.41,2.57,2026-01-15 05:36:00,2026-01-15 14:30:00
us-east-1,CPU-Only,Free,Relational Database,Hardware_Fault,10.7,23,16,197.25,10.4,2026-01-18 07:20:00,2026-01-18 18:02:00
ap-southeast-1,RTX 4090,Pro,ComfyUI / Stable Diffusion,Hardware_Fault,43.4,93,32,131.02,39.1,2026-02-17 08:01:00,2026-02-19 03:25:00
eu-central-1,A100 80GB,Enterprise,PyTorch Training,Out_of_Credit,44.6,97,128,150.39,119.02,2026-04-07 07:03:00,2026-04-09 03:39:00
us-east-1,T4,Pro,ComfyUI / Stable Diffusion,Hardware_Fault,8.4,86,32,144.34,8.9,2026-03-18 03:44:00,2026-03-18 12:08:00
eu-central-1,CPU-Only,Free,Web App Hosting,User_Stopped,2.9,28,32,94.62,4.88,2026-01-05 20:19:00,2026-01-05 23:13:00
us-east-1,CPU-Only,Free,Web App Hosting,User_Stopped,2.6,45,16,183.8,9.32,2026-01-27 10:44:00,2026-01-27 13:20:00
eu-central-1,CPU-Only,Free,Web App Hosting,Hardware_Fault,8.8,15,16,217.64,11.32,2026-01-09 21:33:00,2026-01-10 06:21:00
ap-southeast-1,T4,Free,ComfyUI / Stable Diffusion,Hardware_Fault,3.5,90,32,183.79,9.89,2026-01-13 19:40:00,2026-01-13 23:10:00
ap-southeast-1,RTX 4090,Pro,ComfyUI / Stable Diffusion,CUDA_Out_Of_Memory,44.0,69,32,224.88,44.24,2026-04-16 00:20:00,2026-04-17 20:20:00
us-east-1,CPU-Only,Free,Relational Database,Out_of_Credit,5.6,20,16,48.28,2.69,2026-01-17 03:53:00,2026-01-17 09:29:00
ap-southeast-1,T4,Pro,Web App Hosting,Out_of_Credit,2.5,23,16,38.0,2.4,2026-03-17 15:08:00,2026-03-17 17:38:00
eu-central-1,RTX 4090,Enterprise,PyTorch Training,Out_of_Credit,13.4,86,32,173.95,18.75,2026-01-05 11:26:00,2026-01-06 00:50:00
us-east-1,T4,Free,ComfyUI / Stable Diffusion,CUDA_Out_Of_Memory,6.4,90,16,34.05,2.98,2026-04-20 00:08:00,2026-04-20 06:32:00
us-east-1,CPU-Only,Free,Relational Database,Out_of_Credit,11.2,28,16,247.84,12.95,2026-04-17 11:47:00,2026-04-17 22:59:00
eu-central-1,CPU-Only,Free,Web App Hosting,Hardware_Fault,3.6,43,16,12.19,0.79,2026-02-18 15:35:00,2026-02-18 19:11:00
eu-central-1,T4,Pro,ComfyUI / Stable Diffusion,Hardware_Fault,2.4,74,16,105.69,5.76,2026-01-30 14:54:00,2026-01-30 17:18:00
ap-southeast-1,RTX 4090,Enterprise,PyTorch Training,CUDA_Out_Of_Memory,28.5,89,64,129.22,27.84,2026-03-15 07:28:00,2026-03-16 11:58:00
eu-central-1,CPU-Only,Free,Web App Hosting,Hardware_Fault,11.8,47,32,147.76,7.98,2026-03-02 15:40:00,2026-03-03 03:28:00
ap-southeast-1,CPU-Only,Free,Relational Database,Out_of_Credit,5.5,19,16,236.41,12.1,2026-02-13 21:35:00,2026-02-14 03:05:00
ap-southeast-1,RTX 4090,Pro,ComfyUI / Stable Diffusion,CUDA_Out_Of_Memory,44.9,61,32,20.6,34.7,2026-03-07 13:10:00,2026-03-09 10:04:00
us-east-1,CPU-Only,Free,Web App Hosting,User_Stopped,3.4,33,32,81.23,4.23,2026-03-06 21:18:00,2026-03-07 00:42:00
us-east-1,CPU-Only,Free,Relational Database,Hardware_Fault,6.8,12,16,177.58,9.22,2026-03-05 05:06:00,2026-03-05 11:54:00
ap-southeast-1,CPU-Only,Free,Relational Database,Out_of_Credit,7.2,9,16,42.3,2.47,2026-01-23 14:18:00,2026-01-23 21:30:00
ap-southeast-1,T4,Pro,ComfyUI / Stable Diffusion,Hardware_Fault,14.7,72,16,184.78,12.18,2026-03-17 11:23:00,2026-03-18 02:05:00
ap-southeast-1,CPU-Only,Free,Relational Database,User_Stopped,7.7,16,32,94.8,5.12,2026-04-07 11:38:00,2026-04-07 19:20:00
eu-central-1,RTX 4090,Pro,ComfyUI / Stable Diffusion,CUDA_Out_Of_Memory,44.2,93,64,41.27,35.21,2026-02-11 21:47:00,2026-02-13 17:59:00
ap-southeast-1,T4,Pro,Web App Hosting,Hardware_Fault,5.4,35,16,173.45,9.75,2026-02-25 20:03:00,2026-02-26 01:27:00
ap-southeast-1,CPU-Only,Free,Web App Hosting,User_Stopped,2.1,43,16,58.72,3.04,2026-04-01 12:22:00,2026-04-01 14:28:00
eu-central-1,CPU-Only,Free,Web App Hosting,Out_of_Credit,9.7,11,32,24.55,1.71,2026-01-12 08:34:00,2026-01-12 18:16:00
us-east-1,CPU-Only,Free,Web App Hosting,Hardware_Fault,6.5,23,16,177.76,9.21,2026-04-25 22:25:00,2026-04-26 04:55:00
us-east-1,T4,Pro,Web App Hosting,User_Stopped,9.3,21,32,122.95,8.01,2026-02-25 06:05:00,2026-02-25 15:23:00
ap-southeast-1,T4,Free,Web App Hosting,CUDA_Out_Of_Memory,22.9,27,16,242.31,16.7,2026-04-25 00:37:00,2026-04-25 23:31:00
ap-southeast-1,A100 80GB,Enterprise,PyTorch Training,User_Stopped,35.3,88,128,102.26,93.36,2026-04-07 21:04:00,2026-04-09 08:22:00
us-east-1,T4,Pro,Web App Hosting,User_Stopped,3.1,48,32,223.53,11.8,2026-04-14 00:20:00,2026-04-14 03:26:00
ap-southeast-1,A100 80GB,Enterprise,PyTorch Training,CUDA_Out_Of_Memory,61.4,89,64,0.63,153.53,2026-03-13 16:00:00,2026-03-16 05:24:00
eu-central-1,RTX 4090,Pro,ComfyUI / Stable Diffusion,User_Stopped,34.1,82,32,178.85,34.52,2026-03-04 17:24:00,2026-03-06 03:30:00
eu-central-1,RTX 4090,Enterprise,ComfyUI / Stable Diffusion,Out_of_Credit,36.0,61,32,13.41,27.67,2026-02-27 06:15:00,2026-02-28 18:15:00
ap-southeast-1,CPU-Only,Free,Relational Database,Hardware_Fault,9.1,6,32,225.12,11.71,2026-03-26 06:06:00,2026-03-26 15:12:00
eu-central-1,CPU-Only,Free,Relational Database,Out_of_Credit,4.1,14,32,47.82,2.6,2026-04-14 09:01:00,2026-04-14 13:07:00
ap-southeast-1,T4,Pro,Web App Hosting,Out_of_Credit,20.7,32,16,148.67,11.57,2026-04-17 02:30:00,2026-04-17 23:12:00
ap-southeast-1,RTX 4090,Enterprise,PyTorch Training,Out_of_Credit,14.5,86,32,68.76,14.31,2026-02-05 00:23:00,2026-02-05 14:53:00
ap-southeast-1,CPU-Only,Free,Web App Hosting,Out_of_Credit,0.5,37,16,177.86,8.92,2026-04-11 12:10:00,2026-04-11 12:40:00
ap-southeast-1,T4,Pro,Web App Hosting,Out_of_Credit,23.8,29,32,234.16,16.47,2026-03-13 22:48:00,2026-03-14 22:36:00
us-east-1,CPU-Only,Free,Web App Hosting,Out_of_Credit,11.7,48,16,87.57,4.96,2026-02-22 00:53:00,2026-02-22 12:35:00
ap-southeast-1,CPU-Only,Free,Web App Hosting,User_Stopped,8.4,40,32,48.17,2.83,2026-03-07 15:16:00,2026-03-07 23:40:00
ap-southeast-1,CPU-Only,Free,Web App Hosting,User_Stopped,8.2,13,32,19.88,1.4,2026-03-10 16:52:00,2026-03-11 01:04:00
eu-central-1,RTX 4090,Pro,ComfyUI / Stable Diffusion,CUDA_Out_Of_Memory,37.5,75,32,176.54,36.95,2026-04-06 10:49:00,2026-04-08 00:19:00
us-east-1,T4,Pro,Web App Hosting,CUDA_Out_Of_Memory,3.2,27,16,207.7,11.02,2026-01-06 02:58:00,2026-01-06 06:10:00
us-east-1,CPU-Only,Free,Relational Database,Hardware_Fault,3.4,15,16,103.46,5.34,2026-04-16 13:21:00,2026-04-16 16:45:00
ap-southeast-1,A100 80GB,Enterprise,PyTorch Training,User_Stopped,25.7,91,128,111.04,69.8,2026-02-24 12:28:00,2026-02-25 14:10:00
eu-central-1,T4,Free,Web App Hosting,Hardware_Fault,18.7,35,16,95.87,8.53,2026-04-25 10:33:00,2026-04-26 05:15:00
us-east-1,CPU-Only,Free,Relational Database,Hardware_Fault,10.0,7,16,237.22,12.36,2026-03-06 18:06:00,2026-03-07 04:06:00
eu-central-1,RTX 4090,Pro,ComfyUI / Stable Diffusion,Out_of_Credit,35.7,64,64,40.26,28.79,2026-03-13 07:24:00,2026-03-14 19:06:00
eu-central-1,CPU-Only,Free,Relational Database,User_Stopped,4.6,28,32,199.83,10.22,2026-01-07 09:20:00,2026-01-07 13:56:00
ap-southeast-1,T4,Pro,ComfyUI / Stable Diffusion,Out_of_Credit,3.2,62,32,167.65,9.02,2026-01-13 02:41:00,2026-01-13 05:53:00
ap-southeast-1,T4,Free,Web App Hosting,CUDA_Out_Of_Memory,23.0,20,16,54.95,7.35,2026-04-08 13:29:00,2026-04-09 12:29:00
ap-southeast-1,CPU-Only,Free,Web App Hosting,Hardware_Fault,2.9,29,16,46.38,2.46,2026-01-06 14:10:00,2026-01-06 17:04:00
us-east-1,CPU-Only,Free,Relational Database,Out_of_Credit,10.6,25,16,175.25,9.29,2026-04-22 06:43:00,2026-04-22 17:19:00
eu-central-1,CPU-Only,Free,Relational Database,Hardware_Fault,7.2,26,16,218.17,11.27,2026-01-11 11:14:00,2026-01-11 18:26:00
ap-southeast-1,CPU-Only,Free,Relational Database,User_Stopped,9.1,23,16,148.42,7.88,2026-04-08 07:07:00,2026-04-08 16:13:00
eu-central-1,T4,Pro,Web App Hosting,User_Stopped,11.7,32,32,200.68,12.37,2026-04-29 04:57:00,2026-04-29 16:39:00
eu-central-1,CPU-Only,Free,Web App Hosting,Hardware_Fault,9.9,21,32,52.15,3.1,2026-01-05 04:43:00,2026-01-05 14:37:00
eu-central-1,T4,Pro,Web App Hosting,Out_of_Credit,17.6,28,16,76.36,7.34,2026-02-01 02:30:00,2026-02-01 20:06:00
us-east-1,CPU-Only,Free,Web App Hosting,Hardware_Fault,1.4,20,32,151.29,7.63,2026-02-04 00:30:00,2026-02-04 01:54:00
us-east-1,RTX 4090,Enterprise,ComfyUI / Stable Diffusion,Hardware_Fault,18.7,77,32,224.27,25.24,2026-04-26 03:53:00,2026-04-26 22:35:00
ap-southeast-1,RTX 4090,Enterprise,ComfyUI / Stable Diffusion,Hardware_Fault,13.2,67,64,197.66,19.78,2026-01-10 08:00:00,2026-01-10 21:12:00
ap-southeast-1,T4,Pro,Web App Hosting,Hardware_Fault,3.8,22,16,8.57,1.19,2026-04-04 07:44:00,2026-04-04 11:32:00
ap-southeast-1,RTX 4090,Pro,ComfyUI / Stable Diffusion,User_Stopped,37.5,68,64,71.43,31.7,2026-03-21 10:14:00,2026-03-22 23:44:00
eu-central-1,CPU-Only,Free,Web App Hosting,Out_of_Credit,10.6,11,32,38.03,2.43,2026-01-12 02:51:00,2026-01-12 13:27:00
ap-southeast-1,CPU-Only,Free,Web App Hosting,Out_of_Credit,1.6,17,16,82.44,4.2,2026-01-08 09:16:00,2026-01-08 10:52:00
eu-central-1,CPU-Only,Free,Web App Hosting,User_Stopped,4.4,26,32,5.82,0.51,2026-04-06 17:27:00,2026-04-06 21:51:00
us-east-1,CPU-Only,Free,Web App Hosting,Hardware_Fault,1.1,26,32,95.55,4.83,2026-04-21 02:04:00,2026-04-21 03:10:00
us-east-1,A100 80GB,Enterprise,PyTorch Training,Out_of_Credit,25.3,99,64,26.55,64.58,2026-04-15 08:42:00,2026-04-16 10:00:00
us-east-1,A100 80GB,Enterprise,PyTorch Training,User_Stopped,44.9,88,128,96.75,117.09,2026-04-10 03:17:00,2026-04-12 00:11:00
eu-central-1,CPU-Only,Free,Web App Hosting,Hardware_Fault,10.7,12,32,0.77,0.57,2026-04-14 06:38:00,2026-04-14 17:20:00
eu-central-1,CPU-Only,Free,Relational Database,Out_of_Credit,6.0,7,32,102.04,5.4,2026-02-22 20:15:00,2026-02-23 02:15:00
us-east-1,CPU-Only,Free,Web App Hosting,User_Stopped,11.6,23,16,204.81,10.82,2026-03-28 18:29:00,2026-03-29 06:05:00
ap-southeast-1,CPU-Only,Free,Relational Database,User_Stopped,3.5,27,32,170.88,8.72,2026-03-26 11:23:00,2026-03-26 14:53:00
us-east-1,RTX 4090,Pro,ComfyUI / Stable Diffusion,Hardware_Fault,46.4,63,32,153.53,42.48,2026-04-17 14:53:00,2026-04-19 13:17:00
ap-southeast-1,T4,Free,ComfyUI / Stable Diffusion,Hardware_Fault,14.4,88,16,204.83,13.12,2026-04-01 17:55:00,2026-04-02 08:19:00
ap-southeast-1,CPU-Only,Free,Web App Hosting,Out_of_Credit,5.0,47,32,219.96,11.25,2026-02-04 23:08:00,2026-02-05 04:08:00
eu-central-1,CPU-Only,Free,Web App Hosting,User_Stopped,2.7,21,16,217.16,10.99,2026-02-27 01:05:00,2026-02-27 03:47:00
eu-central-1,CPU-Only,Free,Relational Database,Hardware_Fault,11.9,8,16,33.19,2.25,2026-03-18 02:13:00,2026-03-18 14:07:00
us-east-1,CPU-Only,Free,Relational Database,User_Stopped,4.4,9,16,202.77,10.36,2026-02-12 08:10:00,2026-02-12 12:34:00
us-east-1,T4,Free,Web App Hosting,CUDA_Out_Of_Memory,20.4,20,32,3.05,4.23,2026-02-11 05:11:00,2026-02-12 01:35:00
ap-southeast-1,T4,Free,ComfyUI / Stable Diffusion,User_Stopped,20.9,90,16,29.52,5.66,2026-04-16 14:09:00,2026-04-17 11:03:00
ap-southeast-1,CPU-Only,Free,Web App Hosting,Hardware_Fault,4.9,29,16,166.45,8.57,2026-02-23 07:37:00,2026-02-23 12:31:00
us-east-1,RTX 4090,Enterprise,PyTorch Training,User_Stopped,46.6,98,32,200.12,44.96,2026-02-28 18:44:00,2026-03-02 17:20:00
eu-central-1,CPU-Only,Free,Relational Database,User_Stopped,6.3,18,32,18.95,1.26,2026-03-01 14:04:00,2026-03-01 20:22:00
us-east-1,CPU-Only,Free,Web App Hosting,User_Stopped,11.8,33,32,15.27,1.35,2026-01-20 08:13:00,2026-01-20 20:01:00
ap-southeast-1,RTX 4090,Pro,ComfyUI / Stable Diffusion,Out_of_Credit,20.6,94,64,238.79,27.39,2026-04-19 02:09:00,2026-04-19 22:45:00
ap-southeast-1,CPU-Only,Free,Relational Database,Out_of_Credit,0.7,15,32,123.43,6.21,2026-01-10 04:22:00,2026-01-10 05:04:00
us-east-1,A100 80GB,Enterprise,PyTorch Training,Out_of_Credit,29.4,99,128,156.02,81.3,2026-01-11 14:43:00,2026-01-12 20:07:00
us-east-1,T4,Pro,ComfyUI / Stable Diffusion,Out_of_Credit,21.5,62,32,101.4,9.37,2026-02-19 03:30:00,2026-02-20 01:00:00
eu-central-1,CPU-Only,Free,Relational Database,User_Stopped,8.7,25,32,240.58,12.46,2026-02-10 17:29:00,2026-02-11 02:11:00
eu-central-1,CPU-Only,Free,Web App Hosting,Out_of_Credit,6.3,29,16,222.51,11.44,2026-01-29 05:13:00,2026-01-29 11:31:00
eu-central-1,T4,Pro,ComfyUI / Stable Diffusion,User_Stopped,12.2,84,16,202.43,12.56,2026-03-05 12:32:00,2026-03-06 00:44:00
eu-central-1,CPU-Only,Free,Relational Database,Out_of_Credit,8.7,9,32,6.03,0.74,2026-01-06 01:18:00,2026-01-06 10:00:00
ap-southeast-1,CPU-Only,Free,Web App Hosting,Hardware_Fault,1.1,10,32,36.27,1.87,2026-02-09 19:00:00,2026-02-09 20:06:00
ap-southeast-1,CPU-Only,Free,Relational Database,Hardware_Fault,11.4,24,32,32.51,2.2,2026-03-24 17:51:00,2026-03-25 05:15:00
eu-central-1,RTX 4090,Enterprise,PyTorch Training,CUDA_Out_Of_Memory,33.2,94,64,58.06,27.8,2026-04-04 17:51:00,2026-04-06 03:03:00
us-east-1,CPU-Only,Free,Relational Database,Hardware_Fault,6.4,20,16,57.99,3.22,2026-03-10 00:22:00,2026-03-10 06:46:00
eu-central-1,RTX 4090,Pro,ComfyUI / Stable Diffusion,Out_of_Credit,34.5,71,32,57.8,28.76,2026-02-23 07:05:00,2026-02-24 17:35:00
eu-central-1,RTX 4090,Enterprise,PyTorch Training,CUDA_Out_Of_Memory,47.4,89,64,86.16,39.86,2026-01-01 10:03:00,2026-01-03 09:27:00
ap-southeast-1,T4,Pro,Web App Hosting,CUDA_Out_Of_Memory,9.2,17,32,158.01,9.74,2026-04-30 10:50:00,2026-04-30 20:02:00
us-east-1,CPU-Only,Free,Web App Hosting,User_Stopped,8.6,25,16,239.05,12.38,2026-01-23 03:00:00,2026-01-23 11:36:00
eu-central-1,A100 80GB,Enterprise,PyTorch Training,CUDA_Out_Of_Memory,62.2,91,128,112.97,161.15,2026-02-24 16:16:00,2026-02-27 06:28:00
us-east-1,CPU-Only,Free,Relational Database,Hardware_Fault,2.3,5,32,50.3,2.63,2026-03-27 10:04:00,2026-03-27 12:22:00
ap-southeast-1,T4,Free,Web App Hosting,Out_of_Credit,4.6,32,16,35.93,2.72,2026-02-22 21:04:00,2026-02-23 01:40:00
ap-southeast-1,CPU-Only,Free,Relational Database,User_Stopped,2.5,23,16,128.1,6.53,2026-03-02 11:46:00,2026-03-02 14:16:00
us-east-1,CPU-Only,Free,Relational Database,Hardware_Fault,2.9,5,32,160.33,8.16,2026-03-14 05:31:00,2026-03-14 08:25:00
us-east-1,RTX 4090,Pro,PyTorch Training,CUDA_Out_Of_Memory,47.2,87,32,160.27,43.41,2026-03-29 15:19:00,2026-03-31 14:31:00
us-east-1,T4,Pro,ComfyUI / Stable Diffusion,CUDA_Out_Of_Memory,7.7,60,16,148.94,8.99,2026-03-07 07:01:00,2026-03-07 14:43:00
us-east-1,CPU-Only,Free,Web App Hosting,Hardware_Fault,2.1,15,32,187.65,9.49,2026-02-25 19:44:00,2026-02-25 21:50:00
ap-southeast-1,CPU-Only,Free,Web App Hosting,Out_of_Credit,6.5,49,32,104.51,5.55,2026-03-24 16:32:00,2026-03-24 23:02:00
ap-southeast-1,CPU-Only,Free,Web App Hosting,Hardware_Fault,6.8,16,32,192.11,9.95,2026-04-17 20:43:00,2026-04-18 03:31:00
eu-central-1,A100 80GB,Enterprise,PyTorch Training,CUDA_Out_Of_Memory,48.8,85,64,121.63,128.08,2026-01-26 22:09:00,2026-01-28 22:57:00
us-east-1,T4,Free,ComfyUI / Stable Diffusion,Out_of_Credit,3.0,83,32,166.56,8.93,2026-04-14 12:59:00,2026-04-14 15:59:00
us-east-1,CPU-Only,Free,Relational Database,User_Stopped,5.5,16,16,71.94,3.87,2026-03-30 18:17:00,2026-03-30 23:47:00
eu-central-1,T4,Pro,Web App Hosting,Hardware_Fault,20.9,42,32,232.78,15.82,2026-01-07 14:29:00,2026-01-08 11:23:00
ap-southeast-1,CPU-Only,Free,Web App Hosting,User_Stopped,8.4,41,32,18.94,1.37,2026-02-18 21:50:00,2026-02-19 06:14:00
ap-southeast-1,CPU-Only,Free,Web App Hosting,User_Stopped,6.9,24,16,233.96,12.04,2026-02-27 18:45:00,2026-02-28 01:39:00
us-east-1,T4,Free,Web App Hosting,CUDA_Out_Of_Memory,11.3,42,16,114.28,7.97,2026-01-04 07:31:00,2026-01-04 18:49:00
us-east-1,T4,Pro,ComfyUI / Stable Diffusion,Hardware_Fault,2.4,76,32,53.73,3.17,2026-04-12 10:02:00,2026-04-12 12:26:00
ap-southeast-1,A100 80GB,Enterprise,PyTorch Training,CUDA_Out_Of_Memory,40.7,92,64,109.89,107.24,2026-04-30 20:40:00,2026-05-02 13:22:00
ap-southeast-1,T4,Pro,Web App Hosting,User_Stopped,17.4,49,32,115.38,9.25,2026-02-19 00:48:00,2026-02-19 18:12:00
us-east-1,RTX 4090,Pro,ComfyUI / Stable Diffusion,Hardware_Fault,28.1,74,64,7.92,21.47,2026-03-28 11:38:00,2026-03-29 15:44:00
eu-central-1,CPU-Only,Free,Relational Database,Hardware_Fault,5.3,21,32,192.89,9.91,2026-03-04 04:05:00,2026-03-04 09:23:00
eu-central-1,A100 80GB,Enterprise,PyTorch Training,CUDA_Out_Of_Memory,69.4,92,64,65.24,176.76,2026-01-28 00:33:00,2026-01-30 21:57:00
eu-central-1,T4,Free,Web App Hosting,CUDA_Out_Of_Memory,7.3,42,32,142.41,8.58,2026-01-15 10:44:00,2026-01-15 18:02:00
us-east-1,T4,Pro,Web App Hosting,Hardware_Fault,8.3,41,16,117.64,7.54,2026-04-14 01:33:00,2026-04-14 09:51:00
eu-central-1,CPU-Only,Free,Web App Hosting,Out_of_Credit,6.1,27,16,171.58,8.88,2026-02-02 02:56:00,2026-02-02 09:02:00
ap-southeast-1,RTX 4090,Enterprise,PyTorch Training,Out_of_Credit,22.4,88,64,79.78,20.79,2026-04-03 09:03:00,2026-04-04 07:27:00
us-east-1,CPU-Only,Free,Relational Database,Out_of_Credit,2.6,16,16,199.11,10.09,2026-04-25 14:43:00,2026-04-25 17:19:00
eu-central-1,T4,Pro,ComfyUI / Stable Diffusion,CUDA_Out_Of_Memory,16.2,77,16,23.37,4.41,2026-01-05 21:14:00,2026-01-06 13:26:00
eu-central-1,RTX 4090,Pro,PyTorch Training,Out_of_Credit,37.4,97,32,131.29,34.61,2026-02-02 15:09:00,2026-02-04 04:33:00
eu-central-1,A100 80GB,Enterprise,PyTorch Training,User_Stopped,55.5,90,64,177.62,147.63,2026-01-13 01:21:00,2026-01-15 08:51:00
us-east-1,CPU-Only,Free,Relational Database,User_Stopped,2.7,14,32,127.55,6.51,2026-04-10 04:37:00,2026-04-10 07:19:00
eu-central-1,T4,Pro,ComfyUI / Stable Diffusion,CUDA_Out_Of_Memory,3.8,94,32,35.65,2.54,2026-04-20 20:55:00,2026-04-21 00:43:00
ap-southeast-1,RTX 4090,Pro,ComfyUI / Stable Diffusion,User_Stopped,34.6,94,32,94.63,30.68,2026-03-21 16:00:00,2026-03-23 02:36:00
eu-central-1,CPU-Only,Free,Web App Hosting,User_Stopped,4.2,13,16,158.95,8.16,2026-02-25 03:20:00,2026-02-25 07:32:00
us-east-1,RTX 4090,Pro,ComfyUI / Stable Diffusion,Hardware_Fault,24.8,85,64,168.47,27.02,2026-02-14 20:34:00,2026-02-15 21:22:00
us-east-1,CPU-Only,Free,Web App Hosting,Out_of_Credit,10.4,10,32,90.14,5.03,2026-03-12 10:55:00,2026-03-12 21:19:00
eu-central-1,T4,Pro,Web App Hosting,Hardware_Fault,8.6,26,16,94.98,6.47,2026-01-12 21:33:00,2026-01-13 06:09:00
us-east-1,RTX 4090,Pro,ComfyUI / Stable Diffusion,CUDA_Out_Of_Memory,43.9,74,64,104.68,38.16,2026-04-19 13:39:00,2026-04-21 09:33:00
eu-central-1,CPU-Only,Free,Relational Database,Hardware_Fault,11.2,25,32,202.91,10.71,2026-03-11 04:07:00,2026-03-11 15:19:00
eu-central-1,CPU-Only,Free,Web App Hosting,Hardware_Fault,6.6,33,32,149.35,7.8,2026-01-21 21:36:00,2026-01-22 04:12:00
eu-central-1,RTX 4090,Enterprise,PyTorch Training,Out_of_Credit,21.4,94,64,180.82,25.09,2026-04-26 16:48:00,2026-04-27 14:12:00
ap-southeast-1,CPU-Only,Free,Relational Database,Out_of_Credit,8.6,5,16,217.58,11.31,2026-01-06 16:30:00,2026-01-07 01:06:00
eu-central-1,CPU-Only,Free,Web App Hosting,Out_of_Credit,8.5,43,32,189.12,9.88,2026-01-03 03:03:00,2026-01-03 11:33:00
eu-central-1,A100 80GB,Enterprise,PyTorch Training,User_Stopped,49.9,95,128,102.46,129.87,2026-04-25 20:41:00,2026-04-27 22:35:00
us-east-1,CPU-Only,Free,Relational Database,User_Stopped,10.4,6,16,43.86,2.71,2026-03-30 15:54:00,2026-03-31 02:18:00
us-east-1,T4,Free,ComfyUI / Stable Diffusion,Hardware_Fault,16.3,68,32,100.95,8.31,2026-01-24 05:28:00,2026-01-24 21:46:00
us-east-1,T4,Pro,ComfyUI / Stable Diffusion,CUDA_Out_Of_Memory,15.9,68,16,218.01,14.08,2026-02-17 11:15:00,2026-02-18 03:09:00
ap-southeast-1,T4,Pro,ComfyUI / Stable Diffusion,Out_of_Credit,8.5,79,32,229.94,13.2,2026-02-26 04:23:00,2026-02-26 12:53:00
eu-central-1,CPU-Only,Free,Web App Hosting,Hardware_Fault,7.1,44,16,184.57,9.58,2026-01-22 12:15:00,2026-01-22 19:21:00
ap-southeast-1,A100 80GB,Enterprise,PyTorch Training,CUDA_Out_Of_Memory,44.5,97,128,191.5,120.82,2026-03-09 10:20:00,2026-03-11 06:50:00
ap-southeast-1,CPU-Only,Free,Web App Hosting,User_Stopped,3.5,45,32,231.98,11.77,2026-01-04 13:49:00,2026-01-04 17:19:00
us-east-1,CPU-Only,Free,Relational Database,User_Stopped,3.5,24,16,205.43,10.45,2026-04-10 19:57:00,2026-04-10 23:27:00
us-east-1,T4,Pro,ComfyUI / Stable Diffusion,Hardware_Fault,22.3,62,16,208.73,14.9,2026-03-18 11:55:00,2026-03-19 10:13:00
eu-central-1,CPU-Only,Free,Web App Hosting,Hardware_Fault,9.5,24,32,96.68,5.31,2026-04-14 22:40:00,2026-04-15 08:10:00
ap-southeast-1,RTX 4090,Enterprise,PyTorch Training,Hardware_Fault,34.5,99,64,231.89,37.47,2026-04-24 19:14:00,2026-04-26 05:44:00
ap-southeast-1,T4,Free,ComfyUI / Stable Diffusion,CUDA_Out_Of_Memory,13.8,80,16,70.54,6.29,2026-04-30 05:24:00,2026-04-30 19:12:00
ap-southeast-1,A100 80GB,Enterprise,PyTorch Training,CUDA_Out_Of_Memory,42.7,89,128,117.96,112.65,2026-04-15 16:51:00,2026-04-17 11:33:00
eu-central-1,CPU-Only,Free,Relational Database,Hardware_Fault,5.6,15,16,116.92,6.13,2026-04-28 00:20:00,2026-04-28 05:56:00
ap-southeast-1,T4,Pro,Web App Hosting,CUDA_Out_Of_Memory,17.1,47,32,135.11,10.18,2026-01-07 07:06:00,2026-01-08 00:12:00
ap-southeast-1,CPU-Only,Free,Web App Hosting,Out_of_Credit,8.2,33,32,121.43,6.48,2026-02-09 19:22:00,2026-02-10 03:34:00
us-east-1,CPU-Only,Free,Relational Database,Out_of_Credit,2.9,18,32,10.37,0.66,2026-03-07 00:56:00,2026-03-07 03:50:00
eu-central-1,A100 80GB,Enterprise,PyTorch Training,Out_of_Credit,63.5,91,128,219.19,169.71,2026-02-04 03:54:00,2026-02-06 19:24:00
ap-southeast-1,T4,Pro,ComfyUI / Stable Diffusion,CUDA_Out_Of_Memory,5.0,77,16,183.1,10.15,2026-01-30 17:46:00,2026-01-30 22:46:00
ap-southeast-1,A100 80GB,Enterprise,PyTorch Training,Hardware_Fault,59.9,94,64,159.42,157.72,2026-03-01 07:51:00,2026-03-03 19:45:00
eu-central-1,T4,Pro,Web App Hosting,User_Stopped,12.0,45,16,34.85,4.14,2026-04-25 09:05:00,2026-04-25 21:05:00
ap-southeast-1,RTX 4090,Pro,ComfyUI / Stable Diffusion,User_Stopped,16.7,78,64,65.89,15.82,2026-03-27 09:48:00,2026-03-28 02:30:00
eu-central-1,T4,Pro,ComfyUI / Stable Diffusion,Out_of_Credit,15.0,76,16,24.61,4.23,2026-01-07 02:23:00,2026-01-07 17:23:00
ap-southeast-1,CPU-Only,Free,Relational Database,Hardware_Fault,4.1,14,16,130.6,6.74,2026-01-24 05:28:00,2026-01-24 09:34:00
ap-southeast-1,T4,Pro,ComfyUI / Stable Diffusion,Hardware_Fault,8.4,69,32,61.17,4.74,2026-02-15 14:38:00,2026-02-15 23:02:00
us-east-1,CPU-Only,Free,Relational Database,Hardware_Fault,3.6,19,16,228.15,11.59,2026-03-10 23:11:00,2026-03-11 02:47:00
eu-central-1,T4,Free,Web App Hosting,CUDA_Out_Of_Memory,18.1,18,32,206.33,13.94,2026-04-18 12:15:00,2026-04-19 06:21:00
eu-central-1,CPU-Only,Free,Web App Hosting,User_Stopped,5.7,12,16,24.22,1.5,2026-04-27 04:40:00,2026-04-27 10:22:00
eu-central-1,CPU-Only,Free,Web App Hosting,User_Stopped,11.1,26,32,110.9,6.1,2026-01-14 03:25:00,2026-01-14 14:31:00
us-east-1,T4,Pro,ComfyUI / Stable Diffusion,Hardware_Fault,10.6,70,32,25.99,3.42,2026-04-10 13:25:00,2026-04-11 00:01:00
ap-southeast-1,T4,Pro,ComfyUI / Stable Diffusion,CUDA_Out_Of_Memory,14.1,88,16,198.02,12.72,2026-01-04 01:05:00,2026-01-04 15:11:00
eu-central-1,RTX 4090,Pro,ComfyUI / Stable Diffusion,User_Stopped,44.0,90,32,204.62,43.23,2026-03-26 17:01:00,2026-03-28 13:01:00
ap-southeast-1,CPU-Only,Free,Relational Database,Hardware_Fault,4.2,15,32,111.21,5.77,2026-02-02 15:43:00,2026-02-02 19:55:00
ap-southeast-1,T4,Pro,ComfyUI / Stable Diffusion,User_Stopped,6.7,83,16,96.58,6.17,2026-03-15 21:47:00,2026-03-16 04:29:00
eu-central-1,CPU-Only,Free,Web App Hosting,Out_of_Credit,3.0,23,32,77.19,4.01,2026-01-06 06:42:00,2026-01-06 09:42:00
eu-central-1,CPU-Only,Free,Web App Hosting,Out_of_Credit,9.8,18,32,73.05,4.14,2026-03-14 08:01:00,2026-03-14 17:49:00
eu-central-1,T4,Pro,ComfyUI / Stable Diffusion,CUDA_Out_Of_Memory,10.1,69,32,199.21,11.98,2026-04-08 05:44:00,2026-04-08 15:50:00
ap-southeast-1,T4,Pro,ComfyUI / Stable Diffusion,Out_of_Credit,12.0,81,16,30.01,3.9,2026-01-16 12:32:00,2026-01-17 00:32:00
eu-central-1,CPU-Only,Free,Relational Database,Out_of_Credit,6.8,24,16,124.9,6.59,2026-02-27 19:11:00,2026-02-28 01:59:00
eu-central-1,RTX 4090,Enterprise,ComfyUI / Stable Diffusion,CUDA_Out_Of_Memory,18.5,62,32,67.34,17.24,2026-01-07 05:58:00,2026-01-08 00:28:00
eu-central-1,CPU-Only,Free,Relational Database,Hardware_Fault,8.3,17,32,237.41,12.29,2026-02-12 16:30:00,2026-02-13 00:48:00
us-east-1,CPU-Only,Free,Web App Hosting,Out_of_Credit,8.7,29,16,220.16,11.44,2026-03-22 04:06:00,2026-03-22 12:48:00
ap-southeast-1,RTX 4090,Enterprise,ComfyUI / Stable Diffusion,CUDA_Out_Of_Memory,34.0,65,64,184.06,34.7,2026-03-17 15:04:00,2026-03-19 01:04:00
ap-southeast-1,RTX 4090,Pro,ComfyUI / Stable Diffusion,Out_of_Credit,16.3,86,64,200.5,22.25,2026-04-28 19:32:00,2026-04-29 11:50:00
ap-southeast-1,T4,Pro,ComfyUI / Stable Diffusion,Hardware_Fault,22.3,86,32,164.53,12.69,2026-03-02 05:57:00,2026-03-03 04:15:00
ap-southeast-1,A100 80GB,Enterprise,PyTorch Training,CUDA_Out_Of_Memory,58.7,85,64,175.87,155.54,2026-04-05 10:46:00,2026-04-07 21:28:00
eu-central-1,RTX 4090,Enterprise,PyTorch Training,Hardware_Fault,41.3,87,64,214.31,41.69,2026-04-04 07:26:00,2026-04-06 00:44:00
us-east-1,CPU-Only,Free,Relational Database,Out_of_Credit,1.3,26,16,208.96,10.51,2026-04-23 22:07:00,2026-04-23 23:25:00
us-east-1,CPU-Only,Free,Web App Hosting,Hardware_Fault,7.6,48,32,122.96,6.53,2026-03-13 13:29:00,2026-03-13 21:05:00
ap-southeast-1,CPU-Only,Free,Relational Database,User_Stopped,6.3,10,32,1.45,0.39,2026-02-21 10:33:00,2026-02-21 16:51:00
us-east-1,A100 80GB,Enterprise,PyTorch Training,Out_of_Credit,45.3,90,128,62.99,116.4,2026-02-21 10:05:00,2026-02-23 07:23:00
ap-southeast-1,A100 80GB,Enterprise,PyTorch Training,Hardware_Fault,52.7,89,64,239.16,143.71,2026-03-26 06:51:00,2026-03-28 11:33:00
ap-southeast-1,T4,Pro,ComfyUI / Stable Diffusion,User_Stopped,6.5,61,16,184.22,10.51,2026-03-24 04:13:00,2026-03-24 10:43:00
us-east-1,T4,Free,Web App Hosting,Out_of_Credit,23.9,34,32,126.8,11.12,2026-02-27 05:18:00,2026-02-28 05:12:00
eu-central-1,A100 80GB,Enterprise,PyTorch Training,CUDA_Out_Of_Memory,69.0,94,128,127.21,178.86,2026-01-03 21:55:00,2026-01-06 18:55:00
ap-southeast-1,CPU-Only,Free,Web App Hosting,Hardware_Fault,9.5,11,32,41.23,2.54,2026-02-15 12:45:00,2026-02-15 22:15:00
ap-southeast-1,T4,Pro,ComfyUI / Stable Diffusion,Out_of_Credit,16.0,68,32,52.29,5.81,2026-02-13 12:43:00,2026-02-14 04:43:00
us-east-1,T4,Free,Web App Hosting,Out_of_Credit,16.4,45,16,249.94,15.78,2026-02-17 17:20:00,2026-02-18 09:44:00
ap-southeast-1,CPU-Only,Free,Web App Hosting,User_Stopped,7.6,33,32,51.91,2.98,2026-04-08 14:23:00,2026-04-08 21:59:00
eu-central-1,RTX 4090,Enterprise,PyTorch Training,User_Stopped,34.9,97,64,95.34,30.94,2026-02-04 16:08:00,2026-02-06 03:02:00
ap-southeast-1,CPU-Only,Free,Relational Database,User_Stopped,5.7,20,32,53.92,2.98,2026-02-16 21:11:00,2026-02-17 02:53:00
eu-central-1,T4,Pro,Web App Hosting,Hardware_Fault,23.9,30,32,134.28,11.49,2026-02-11 09:30:00,2026-02-12 09:24:00
ap-southeast-1,RTX 4090,Pro,ComfyUI / Stable Diffusion,Hardware_Fault,45.2,81,64,245.59,46.18,2026-01-23 03:51:00,2026-01-25 01:03:00
ap-southeast-1,T4,Free,Web App Hosting,User_Stopped,6.3,13,16,247.26,13.62,2026-04-28 15:00:00,2026-04-28 21:18:00
ap-southeast-1,T4,Pro,ComfyUI / Stable Diffusion,Hardware_Fault,13.1,92,32,136.17,9.43,2026-01-26 00:12:00,2026-01-26 13:18:00
ap-southeast-1,A100 80GB,Enterprise,PyTorch Training,CUDA_Out_Of_Memory,67.7,87,64,71.22,172.81,2026-02-17 23:06:00,2026-02-20 18:48:00
eu-central-1,RTX 4090,Pro,ComfyUI / Stable Diffusion,User_Stopped,46.5,79,64,20.06,35.88,2026-03-28 21:36:00,2026-03-30 20:06:00
eu-central-1,T4,Pro,ComfyUI / Stable Diffusion,CUDA_Out_Of_Memory,23.4,60,32,112.04,10.28,2026-04-16 19:40:00,2026-04-17 19:04:00
ap-southeast-1,T4,Pro,Web App Hosting,Out_of_Credit,13.6,45,16,60.68,5.75,2026-02-16 02:55:00,2026-02-16 16:31:00
eu-central-1,T4,Pro,Web App Hosting,User_Stopped,4.4,33,32,233.94,12.58,2026-02-05 12:42:00,2026-02-05 17:06:00
eu-central-1,A100 80GB,Enterprise,PyTorch Training,User_Stopped,66.4,97,64,47.39,168.37,2026-04-30 13:43:00,2026-05-03 08:07:00
us-east-1,CPU-Only,Free,Web App Hosting,Out_of_Credit,5.9,33,16,218.49,11.22,2026-03-08 10:53:00,2026-03-08 16:47:00
ap-southeast-1,RTX 4090,Pro,PyTorch Training,User_Stopped,38.8,98,64,176.97,37.95,2026-04-06 10:32:00,2026-04-08 01:20:00
eu-central-1,T4,Pro,Web App Hosting,User_Stopped,18.4,33,16,52.38,6.3,2026-01-22 06:28:00,2026-01-23 00:52:00
eu-central-1,T4,Pro,ComfyUI / Stable Diffusion,User_Stopped,21.1,76,32,2.57,4.35,2026-01-10 17:09:00,2026-01-11 14:15:00
ap-southeast-1,T4,Pro,ComfyUI / Stable Diffusion,Out_of_Credit,5.4,73,16,137.22,7.94,2026-04-16 09:40:00,2026-04-16 15:04:00
us-east-1,T4,Free,ComfyUI / Stable Diffusion,Hardware_Fault,14.5,74,32,215.6,13.68,2026-01-13 02:50:00,2026-01-13 17:20:00
us-east-1,T4,Free,Web App Hosting,Hardware_Fault,5.0,36,32,119.75,6.99,2026-02-08 16:18:00,2026-02-08 21:18:00
us-east-1,CPU-Only,Free,Relational Database,User_Stopped,7.0,25,16,231.32,11.92,2026-03-02 22:04:00,2026-03-03 05:04:00
ap-southeast-1,T4,Pro,ComfyUI / Stable Diffusion,CUDA_Out_Of_Memory,9.5,65,32,64.4,5.12,2026-01-14 04:41:00,2026-01-14 14:11:00
eu-central-1,T4,Pro,Web App Hosting,Out_of_Credit,6.8,27,16,194.07,11.06,2026-03-30 18:27:00,2026-03-31 01:15:00
us-east-1,CPU-Only,Free,Relational Database,User_Stopped,4.0,9,16,152.44,7.82,2026-03-23 11:19:00,2026-03-23 15:19:00
us-east-1,A100 80GB,Enterprise,PyTorch Training,CUDA_Out_Of_Memory,50.4,93,64,232.68,137.63,2026-03-15 06:48:00,2026-03-17 09:12:00
eu-central-1,CPU-Only,Free,Web App Hosting,User_Stopped,8.3,37,32,20.17,1.42,2026-03-09 02:28:00,2026-03-09 10:46:00
eu-central-1,CPU-Only,Free,Relational Database,User_Stopped,2.8,7,16,63.86,3.33,2026-04-01 13:51:00,2026-04-01 16:39:00
eu-central-1,CPU-Only,Free,Relational Database,User_Stopped,1.0,16,32,187.37,9.42,2026-01-31 20:47:00,2026-01-31 21:47:00
ap-southeast-1,T4,Pro,Web App Hosting,Out_of_Credit,8.9,22,32,193.48,11.45,2026-02-28 17:10:00,2026-03-01 02:04:00
eu-central-1,A100 80GB,Enterprise,PyTorch Training,Out_of_Credit,50.2,87,64,229.69,136.98,2026-04-01 14:53:00,2026-04-03 17:05:00
ap-southeast-1,CPU-Only,Free,Web App Hosting,Hardware_Fault,9.2,49,16,20.82,1.5,2026-04-29 07:47:00,2026-04-29 16:59:00
eu-central-1,CPU-Only,Free,Relational Database,User_Stopped,0.6,12,32,134.6,6.76,2026-03-07 22:11:00,2026-03-07 22:47:00
eu-central-1,A100 80GB,Enterprise,PyTorch Training,User_Stopped,47.1,88,64,85.09,122.0,2026-04-17 04:21:00,2026-04-19 03:27:00
ap-southeast-1,T4,Pro,Web App Hosting,Out_of_Credit,4.3,37,16,204.92,11.11,2026-04-06 19:55:00,2026-04-07 00:13:00
eu-central-1,RTX 4090,Pro,ComfyUI / Stable Diffusion,Out_of_Credit,38.4,77,64,73.21,32.46,2026-03-10 16:53:00,2026-03-12 07:17:00
us-east-1,T4,Pro,Web App Hosting,CUDA_Out_Of_Memory,12.3,17,16,237.23,14.32,2026-01-27 07:34:00,2026-01-27 19:52:00
ap-southeast-1,A100 80GB,Enterprise,PyTorch Training,User_Stopped,41.9,94,128,199.87,114.74,2026-01-09 23:32:00,2026-01-11 17:26:00
eu-central-1,CPU-Only,Free,Relational Database,Out_of_Credit,5.8,22,32,166.7,8.62,2026-03-05 14:56:00,2026-03-05 20:44:00
eu-central-1,CPU-Only,Free,Web App Hosting,Out_of_Credit,11.7,44,32,118.76,6.52,2026-01-04 02:41:00,2026-01-04 14:23:00
us-east-1,T4,Free,Web App Hosting,Out_of_Credit,9.0,29,16,162.32,9.92,2026-02-01 06:47:00,2026-02-01 15:47:00
us-east-1,CPU-Only,Free,Relational Database,Hardware_Fault,1.1,18,32,69.03,3.51,2026-03-11 20:00:00,2026-03-11 21:06:00
ap-southeast-1,A100 80GB,Enterprise,PyTorch Training,Hardware_Fault,32.7,88,128,118.76,87.69,2026-04-11 00:10:00,2026-04-12 08:52:00
ap-southeast-1,CPU-Only,Free,Web App Hosting,Out_of_Credit,3.4,49,16,211.15,10.73,2026-03-19 00:29:00,2026-03-19 03:53:00
us-east-1,RTX 4090,Pro,ComfyUI / Stable Diffusion,CUDA_Out_Of_Memory,43.3,91,32,24.2,33.68,2026-03-11 22:44:00,2026-03-13 18:02:00
ap-southeast-1,CPU-Only,Free,Web App Hosting,Hardware_Fault,7.9,27,16,227.37,11.76,2026-01-01 07:36:00,2026-01-01 15:30:00
ap-southeast-1,CPU-Only,Free,Web App Hosting,Out_of_Credit,0.8,30,32,246.72,12.38,2026-04-01 20:23:00,2026-04-01 21:11:00
eu-central-1,CPU-Only,Free,Web App Hosting,Hardware_Fault,9.0,16,32,64.79,3.69,2026-04-10 21:49:00,2026-04-11 06:49:00
us-east-1,T4,Pro,ComfyUI / Stable Diffusion,CUDA_Out_Of_Memory,13.0,67,16,87.73,6.99,2026-03-18 15:39:00,2026-03-19 04:39:00
us-east-1,RTX 4090,Pro,PyTorch Training,User_Stopped,31.6,95,64,228.61,35.13,2026-03-12 03:56:00,2026-03-13 11:32:00
us-east-1,T4,Pro,ComfyUI / Stable Diffusion,User_Stopped,3.0,81,32,134.01,7.3,2026-03-13 10:19:00,2026-03-13 13:19:00
ap-southeast-1,RTX 4090,Pro,PyTorch Training,User_Stopped,26.1,88,64,74.15,23.28,2026-03-21 08:21:00,2026-03-22 10:27:00
ap-southeast-1,CPU-Only,Free,Web App Hosting,Out_of_Credit,11.8,22,32,23.5,1.76,2026-04-23 15:12:00,2026-04-24 03:00:00
us-east-1,A100 80GB,Enterprise,PyTorch Training,Out_of_Credit,38.6,91,64,175.63,105.28,2026-01-17 11:42:00,2026-01-19 02:18:00
us-east-1,CPU-Only,Free,Relational Database,Hardware_Fault,3.3,14,16,97.31,5.03,2026-02-22 17:45:00,2026-02-22 21:03:00
ap-southeast-1,CPU-Only,Free,Relational Database,Out_of_Credit,4.6,6,16,131.95,6.83,2026-04-03 15:59:00,2026-04-03 20:35:00
ap-southeast-1,RTX 4090,Enterprise,ComfyUI / Stable Diffusion,Out_of_Credit,47.3,82,32,207.62,45.86,2026-01-13 03:02:00,2026-01-15 02:20:00
eu-central-1,RTX 4090,Pro,PyTorch Training,CUDA_Out_Of_Memory,37.6,97,64,49.71,30.69,2026-01-25 10:55:00,2026-01-27 00:31:00
us-east-1,T4,Pro,Web App Hosting,CUDA_Out_Of_Memory,9.5,43,16,48.5,4.32,2026-02-28 17:59:00,2026-03-01 03:29:00
ap-southeast-1,T4,Pro,Web App Hosting,Out_of_Credit,16.4,22,16,151.48,10.85,2026-03-25 12:09:00,2026-03-26 04:33:00
ap-southeast-1,A100 80GB,Enterprise,PyTorch Training,Hardware_Fault,55.0,86,64,187.57,146.88,2026-02-16 09:26:00,2026-02-18 16:26:00
ap-southeast-1,RTX 4090,Pro,ComfyUI / Stable Diffusion,User_Stopped,20.1,89,64,245.6,27.36,2026-04-29 03:54:00,2026-04-30 00:00:00
us-east-1,RTX 4090,Pro,ComfyUI / Stable Diffusion,Out_of_Credit,19.2,86,32,32.0,16.0,2026-04-13 03:53:00,2026-04-13 23:05:00
ap-southeast-1,CPU-Only,Free,Relational Database,User_Stopped,9.1,12,16,187.76,9.84,2026-02-21 01:40:00,2026-02-21 10:46:00
eu-central-1,CPU-Only,Free,Web App Hosting,User_Stopped,7.6,37,16,63.65,3.56,2026-04-20 17:45:00,2026-04-21 01:21:00
eu-central-1,CPU-Only,Free,Web App Hosting,Hardware_Fault,3.2,38,16,132.58,6.79,2026-04-25 08:36:00,2026-04-25 11:48:00
us-east-1,T4,Pro,ComfyUI / Stable Diffusion,CUDA_Out_Of_Memory,6.5,87,32,99.38,6.27,2026-01-23 06:36:00,2026-01-23 13:06:00
ap-southeast-1,A100 80GB,Enterprise,PyTorch Training,CUDA_Out_Of_Memory,30.9,98,128,227.95,88.65,2026-01-20 05:08:00,2026-01-21 12:02:00
us-east-1,T4,Free,Web App Hosting,CUDA_Out_Of_Memory,15.4,10,16,210.15,13.59,2026-04-10 06:47:00,2026-04-10 22:11:00
ap-southeast-1,RTX 4090,Enterprise,ComfyUI / Stable Diffusion,Out_of_Credit,13.1,71,64,238.45,21.75,2026-04-15 11:57:00,2026-04-16 01:03:00
eu-central-1,T4,Pro,Web App Hosting,Hardware_Fault,13.6,39,32,133.43,9.39,2026-03-31 14:40:00,2026-04-01 04:16:00
us-east-1,A100 80GB,Enterprise,PyTorch Training,CUDA_Out_Of_Memory,43.6,100,128,235.51,120.78,2026-01-02 08:57:00,2026-01-04 04:33:00
eu-central-1,CPU-Only,Free,Relational Database,User_Stopped,10.9,18,16,150.52,8.07,2026-01-31 16:05:00,2026-02-01 02:59:00
us-east-1,CPU-Only,Free,Relational Database,User_Stopped,9.6,5,32,217.59,11.36,2026-02-19 06:47:00,2026-02-19 16:23:00
us-east-1,CPU-Only,Free,Relational Database,User_Stopped,5.2,29,32,24.71,1.5,2026-01-02 04:44:00,2026-01-02 09:56:00
eu-central-1,T4,Pro,ComfyUI / Stable Diffusion,User_Stopped,23.3,87,32,203.06,14.81,2026-02-15 11:45:00,2026-02-16 11:03:00
ap-southeast-1,T4,Free,ComfyUI / Stable Diffusion,User_Stopped,22.9,65,32,75.45,8.35,2026-02-16 04:41:00,2026-02-17 03:35:00
us-east-1,CPU-Only,Free,Web App Hosting,Hardware_Fault,9.8,31,32,179.39,9.46,2026-01-05 03:04:00,2026-01-05 12:52:00
us-east-1,T4,Pro,ComfyUI / Stable Diffusion,Out_of_Credit,2.3,80,32,182.48,9.58,2026-02-21 21:26:00,2026-02-21 23:44:00
ap-southeast-1,A100 80GB,Enterprise,PyTorch Training,Hardware_Fault,37.8,96,64,122.73,100.64,2026-04-28 05:18:00,2026-04-29 19:06:00
us-east-1,RTX 4090,Pro,PyTorch Training,User_Stopped,35.2,100,32,122.51,32.53,2026-04-06 20:07:00,2026-04-08 07:19:00
ap-southeast-1,CPU-Only,Free,Web App Hosting,Hardware_Fault,1.3,23,16,59.73,3.05,2026-02-16 20:00:00,2026-02-16 21:18:00
us-east-1,CPU-Only,Free,Relational Database,User_Stopped,5.2,5,32,85.12,4.52,2026-01-19 13:53:00,2026-01-19 19:05:00
us-east-1,A100 80GB,Enterprise,PyTorch Training,Hardware_Fault,35.8,97,128,242.62,101.63,2026-01-10 03:54:00,2026-01-11 15:42:00
us-east-1,CPU-Only,Free,Relational Database,Out_of_Credit,8.7,26,32,211.81,11.03,2026-03-07 18:17:00,2026-03-08 02:59:00
ap-southeast-1,RTX 4090,Enterprise,ComfyUI / Stable Diffusion,User_Stopped,21.1,77,32,91.57,20.4,2026-02-27 07:31:00,2026-02-28 04:37:00
eu-central-1,CPU-Only,Free,Web App Hosting,Out_of_Credit,11.2,49,32,142.21,7.67,2026-03-30 07:45:00,2026-03-30 18:57:00
us-east-1,CPU-Only,Free,Relational Database,User_Stopped,5.8,22,32,48.14,2.7,2026-03-11 22:22:00,2026-03-12 04:10:00
us-east-1,T4,Pro,Web App Hosting,Hardware_Fault,15.4,35,16,239.26,15.04,2026-01-09 15:22:00,2026-01-10 06:46:00
us-east-1,A100 80GB,Enterprise,PyTorch Training,Hardware_Fault,51.4,99,64,25.31,129.77,2026-04-18 19:29:00,2026-04-20 22:53:00
us-east-1,A100 80GB,Enterprise,PyTorch Training,CUDA_Out_Of_Memory,66.3,85,64,93.2,170.41,2026-03-05 09:19:00,2026-03-08 03:37:00
eu-central-1,T4,Free,Web App Hosting,CUDA_Out_Of_Memory,14.1,33,16,231.85,14.41,2026-03-14 03:34:00,2026-03-14 17:40:00
ap-southeast-1,CPU-Only,Free,Relational Database,Out_of_Credit,6.1,9,16,241.62,12.39,2026-01-28 20:14:00,2026-01-29 02:20:00
eu-central-1,CPU-Only,Free,Web App Hosting,User_Stopped,0.8,18,32,12.1,0.64,2026-02-01 10:58:00,2026-02-01 11:46:00
us-east-1,RTX 4090,Enterprise,PyTorch Training,CUDA_Out_Of_Memory,12.1,95,64,79.73,13.06,2026-04-26 17:22:00,2026-04-27 05:28:00
us-east-1,T4,Pro,Web App Hosting,CUDA_Out_Of_Memory,12.7,13,16,30.32,4.06,2026-03-05 13:41:00,2026-03-06 02:23:00
us-east-1,CPU-Only,Free,Web App Hosting,Out_of_Credit,1.5,26,16,159.84,8.07,2026-04-06 08:43:00,2026-04-06 10:13:00
ap-southeast-1,RTX 4090,Enterprise,PyTorch Training,CUDA_Out_Of_Memory,16.0,87,32,162.15,20.11,2026-04-29 18:32:00,2026-04-30 10:32:00
ap-southeast-1,CPU-Only,Free,Web App Hosting,Out_of_Credit,1.9,40,16,126.11,6.4,2026-02-02 08:39:00,2026-02-02 10:33:00
eu-central-1,CPU-Only,Free,Web App Hosting,Out_of_Credit,8.0,27,16,98.19,5.31,2026-04-13 07:51:00,2026-04-13 15:51:00
ap-southeast-1,T4,Free,ComfyUI / Stable Diffusion,Out_of_Credit,23.9,75,16,187.91,14.18,2026-03-10 12:05:00,2026-03-11 11:59:00
ap-southeast-1,CPU-Only,Free,Relational Database,User_Stopped,8.9,27,32,113.53,6.12,2026-01-22 01:52:00,2026-01-22 10:46:00
eu-central-1,T4,Pro,Web App Hosting,Out_of_Credit,5.6,24,32,106.24,6.43,2026-03-04 21:21:00,2026-03-05 02:57:00
ap-southeast-1,T4,Free,ComfyUI / Stable Diffusion,Hardware_Fault,16.6,89,32,103.58,8.5,2026-03-17 10:16:00,2026-03-18 02:52:00
eu-central-1,CPU-Only,Free,Web App Hosting,Out_of_Credit,1.1,40,16,104.56,5.28,2026-04-02 07:45:00,2026-04-02 08:51:00
us-east-1,CPU-Only,Free,Relational Database,Hardware_Fault,1.4,10,16,105.65,5.35,2026-02-21 08:00:00,2026-02-21 09:24:00
us-east-1,T4,Free,ComfyUI / Stable Diffusion,User_Stopped,22.4,80,16,140.09,11.48,2026-03-07 03:21:00,2026-03-08 01:45:00
ap-southeast-1,T4,Free,Web App Hosting,User_Stopped,14.6,44,32,187.68,12.3,2026-04-11 17:22:00,2026-04-12 07:58:00
ap-southeast-1,CPU-Only,Free,Web App Hosting,Hardware_Fault,9.3,22,16,128.89,6.91,2026-03-03 22:25:00,2026-03-04 07:43:00
ap-southeast-1,CPU-Only,Free,Relational Database,Hardware_Fault,2.3,28,16,207.63,10.5,2026-03-03 07:53:00,2026-03-03 10:11:00
eu-central-1,CPU-Only,Free,Web App Hosting,Hardware_Fault,1.7,44,16,110.37,5.6,2026-03-26 15:16:00,2026-03-26 16:58:00
us-east-1,A100 80GB,Enterprise,PyTorch Training,Out_of_Credit,24.0,88,128,69.0,63.45,2026-03-18 04:18:00,2026-03-19 04:18:00
us-east-1,T4,Pro,Web App Hosting,Out_of_Credit,11.4,30,16,36.41,4.1,2026-01-29 21:05:00,2026-01-30 08:29:00
eu-central-1,T4,Pro,ComfyUI / Stable Diffusion,Out_of_Credit,3.0,76,16,188.46,10.02,2026-03-02 12:44:00,2026-03-02 15:44:00
ap-southeast-1,T4,Pro,ComfyUI / Stable Diffusion,Out_of_Credit,2.3,63,32,230.91,12.01,2026-03-08 04:57:00,2026-03-08 07:15:00
eu-central-1,CPU-Only,Free,Web App Hosting,User_Stopped,9.0,34,16,200.11,10.46,2026-03-19 10:22:00,2026-03-19 19:22:00
us-east-1,A100 80GB,Enterprise,PyTorch Training,CUDA_Out_Of_Memory,42.7,95,128,242.49,118.87,2026-01-13 11:35:00,2026-01-15 06:17:00
ap-southeast-1,A100 80GB,Enterprise,PyTorch Training,CUDA_Out_Of_Memory,32.1,94,64,169.16,88.71,2026-04-30 18:16:00,2026-05-02 02:22:00
eu-central-1,CPU-Only,Free,Web App Hosting,User_Stopped,4.7,24,32,237.01,12.09,2026-04-27 05:13:00,2026-04-27 09:55:00
ap-southeast-1,CPU-Only,Free,Web App Hosting,User_Stopped,1.8,20,16,80.8,4.13,2026-03-21 11:10:00,2026-03-21 12:58:00
ap-southeast-1,CPU-Only,Free,Web App Hosting,Out_of_Credit,7.4,47,16,239.01,12.32,2026-02-25 21:35:00,2026-02-26 04:59:00
ap-southeast-1,T4,Free,ComfyUI / Stable Diffusion,Out_of_Credit,16.5,60,32,148.03,10.7,2026-03-22 05:27:00,2026-03-22 21:57:00
us-east-1,RTX 4090,Pro,ComfyUI / Stable Diffusion,Hardware_Fault,42.4,62,64,7.93,32.2,2026-04-21 11:05:00,2026-04-23 05:29:00
eu-central-1,T4,Pro,Web App Hosting,CUDA_Out_Of_Memory,6.7,35,32,91.97,5.94,2026-04-22 23:17:00,2026-04-23 05:59:00
ap-southeast-1,CPU-Only,Free,Web App Hosting,Out_of_Credit,8.7,40,32,47.51,2.81,2026-02-22 09:27:00,2026-02-22 18:09:00
ap-southeast-1,CPU-Only,Free,Web App Hosting,User_Stopped,8.2,20,16,222.02,11.51,2026-03-18 10:52:00,2026-03-18 19:04:00
ap-southeast-1,A100 80GB,Enterprise,PyTorch Training,User_Stopped,70.3,95,64,92.91,180.4,2026-01-15 15:20:00,2026-01-18 13:38:00
ap-southeast-1,CPU-Only,Free,Web App Hosting,Hardware_Fault,9.3,36,32,222.79,11.6,2026-02-02 02:37:00,2026-02-02 11:55:00
us-east-1,CPU-Only,Free,Relational Database,Out_of_Credit,9.6,11,32,147.64,7.86,2026-01-19 11:43:00,2026-01-19 21:19:00
ap-southeast-1,T4,Pro,Web App Hosting,Out_of_Credit,11.1,37,32,245.0,14.47,2026-01-04 03:44:00,2026-01-04 14:50:00
ap-southeast-1,CPU-Only,Free,Relational Database,Hardware_Fault,6.8,12,32,158.34,8.26,2026-03-20 03:17:00,2026-03-20 10:05:00
us-east-1,T4,Free,Web App Hosting,Hardware_Fault,20.5,28,32,74.22,7.81,2026-03-17 21:26:00,2026-03-18 17:56:00
eu-central-1,CPU-Only,Free,Relational Database,Out_of_Credit,11.7,11,16,48.03,2.99,2026-03-02 13:34:00,2026-03-03 01:16:00
ap-southeast-1,T4,Free,ComfyUI / Stable Diffusion,Hardware_Fault,13.9,86,32,113.3,8.44,2026-04-22 15:00:00,2026-04-23 04:54:00
ap-southeast-1,T4,Free,Web App Hosting,Out_of_Credit,22.1,23,16,95.05,9.17,2026-02-12 07:43:00,2026-02-13 05:49:00
ap-southeast-1,RTX 4090,Enterprise,PyTorch Training,Hardware_Fault,23.6,100,64,135.7,24.49,2026-01-07 12:21:00,2026-01-08 11:57:00
eu-central-1,CPU-Only,Free,Web App Hosting,Out_of_Credit,4.4,31,32,19.23,1.18,2026-03-31 13:21:00,2026-03-31 17:45:00
eu-central-1,RTX 4090,Pro,PyTorch Training,User_Stopped,28.2,93,32,37.02,23.0,2026-03-27 10:51:00,2026-03-28 15:03:00
ap-southeast-1,T4,Pro,ComfyUI / Stable Diffusion,Out_of_Credit,9.2,62,32,78.52,5.77,2026-02-22 08:58:00,2026-02-22 18:10:00
us-east-1,RTX 4090,Pro,ComfyUI / Stable Diffusion,Out_of_Credit,45.9,77,32,183.26,43.59,2026-02-09 16:32:00,2026-02-11 14:26:00
eu-central-1,RTX 4090,Enterprise,ComfyUI / Stable Diffusion,User_Stopped,27.5,90,64,170.5,29.15,2026-01-18 00:44:00,2026-01-19 04:14:00
ap-southeast-1,RTX 4090,Pro,PyTorch Training,User_Stopped,16.0,98,32,34.21,13.71,2026-04-15 06:18:00,2026-04-15 22:18:00
eu-central-1,A100 80GB,Enterprise,PyTorch Training,CUDA_Out_Of_Memory,38.9,89,64,127.04,103.6,2026-04-09 17:16:00,2026-04-11 08:10:00
us-east-1,T4,Free,ComfyUI / Stable Diffusion,Hardware_Fault,3.1,61,16,134.71,7.36,2026-01-23 09:39:00,2026-01-23 12:45:00
eu-central-1,RTX 4090,Pro,ComfyUI / Stable Diffusion,Out_of_Credit,13.5,79,32,195.6,19.9,2026-02-08 16:12:00,2026-02-09 05:42:00
eu-central-1,A100 80GB,Enterprise,PyTorch Training,CUDA_Out_Of_Memory,32.2,86,128,229.4,91.97,2026-02-23 04:14:00,2026-02-24 12:26:00
us-east-1,A100 80GB,Enterprise,PyTorch Training,CUDA_Out_Of_Memory,36.0,88,64,31.41,91.57,2026-03-10 08:29:00,2026-03-11 20:29:00
ap-southeast-1,RTX 4090,Enterprise,ComfyUI / Stable Diffusion,Hardware_Fault,23.8,89,64,220.89,28.89,2026-01-06 16:57:00,2026-01-07 16:45:00
us-east-1,RTX 4090,Pro,ComfyUI / Stable Diffusion,CUDA_Out_Of_Memory,40.3,84,64,208.18,40.63,2026-04-28 22:11:00,2026-04-30 14:29:00
eu-central-1,RTX 4090,Pro,ComfyUI / Stable Diffusion,Hardware_Fault,20.5,61,64,72.06,18.98,2026-04-24 22:50:00,2026-04-25 19:20:00
eu-central-1,RTX 4090,Pro,PyTorch Training,CUDA_Out_Of_Memory,45.8,88,64,134.03,41.05,2026-03-05 01:06:00,2026-03-06 22:54:00
eu-central-1,T4,Free,ComfyUI / Stable Diffusion,User_Stopped,2.8,73,32,210.46,11.08,2026-01-05 22:09:00,2026-01-06 00:57:00
us-east-1,RTX 4090,Pro,ComfyUI / Stable Diffusion,CUDA_Out_Of_Memory,41.8,83,32,57.24,34.21,2026-01-12 05:44:00,2026-01-13 23:32:00
eu-central-1,A100 80GB,Enterprise,PyTorch Training,User_Stopped,58.3,87,128,112.27,151.36,2026-03-20 04:56:00,2026-03-22 15:14:00
eu-central-1,CPU-Only,Free,Relational Database,User_Stopped,4.4,5,16,73.02,3.87,2026-02-10 06:42:00,2026-02-10 11:06:00
ap-southeast-1,RTX 4090,Pro,PyTorch Training,Out_of_Credit,17.7,90,32,111.48,18.85,2026-02-05 02:15:00,2026-02-05 19:57:00
ap-southeast-1,RTX 4090,Enterprise,ComfyUI / Stable Diffusion,CUDA_Out_Of_Memory,23.5,91,64,229.34,29.09,2026-04-25 01:07:00,2026-04-26 00:37:00
us-east-1,T4,Free,Web App Hosting,Out_of_Credit,7.1,33,16,137.41,8.29,2026-02-10 05:59:00,2026-02-10 13:05:00
eu-central-1,T4,Pro,Web App Hosting,Hardware_Fault,22.1,34,32,61.65,7.5,2026-02-04 14:18:00,2026-02-05 12:24:00
eu-central-1,T4,Pro,Web App Hosting,Out_of_Credit,21.9,29,16,155.42,12.15,2026-02-08 09:35:00,2026-02-09 07:29:00
us-east-1,T4,Pro,Web App Hosting,User_Stopped,13.0,34,16,145.32,9.87,2026-02-01 18:03:00,2026-02-02 07:03:00
eu-central-1,CPU-Only,Free,Relational Database,User_Stopped,6.1,23,16,147.26,7.67,2026-02-14 04:34:00,2026-02-14 10:40:00
eu-central-1,CPU-Only,Free,Web App Hosting,User_Stopped,3.2,25,16,38.95,2.11,2026-03-01 16:53:00,2026-03-01 20:05:00
eu-central-1,RTX 4090,Enterprise,ComfyUI / Stable Diffusion,CUDA_Out_Of_Memory,39.7,93,32,78.93,33.72,2026-02-27 20:29:00,2026-03-01 12:11:00
us-east-1,T4,Pro,ComfyUI / Stable Diffusion,Hardware_Fault,17.1,94,32,40.49,5.44,2026-04-26 08:14:00,2026-04-27 01:20:00
us-east-1,T4,Pro,ComfyUI / Stable Diffusion,Hardware_Fault,23.8,60,16,130.34,11.28,2026-04-26 19:33:00,2026-04-27 19:21:00
ap-southeast-1,CPU-Only,Free,Relational Database,User_Stopped,8.9,19,32,58.5,3.37,2026-03-21 12:05:00,2026-03-21 20:59:00
us-east-1,A100 80GB,Enterprise,PyTorch Training,Hardware_Fault,49.6,96,64,59.37,126.97,2026-04-13 00:10:00,2026-04-15 01:46:00
eu-central-1,CPU-Only,Free,Relational Database,Hardware_Fault,1.7,12,16,249.58,12.56,2026-01-27 08:28:00,2026-01-27 10:10:00
eu-central-1,T4,Pro,Web App Hosting,User_Stopped,24.0,14,32,150.56,12.33,2026-04-11 02:31:00,2026-04-12 02:31:00
us-east-1,RTX 4090,Pro,ComfyUI / Stable Diffusion,User_Stopped,42.9,87,64,131.9,38.77,2026-03-30 15:39:00,2026-04-01 10:33:00
eu-central-1,T4,Pro,Web App Hosting,CUDA_Out_Of_Memory,2.6,10,16,239.64,12.5,2026-02-14 08:20:00,2026-02-14 10:56:00
ap-southeast-1,RTX 4090,Pro,PyTorch Training,User_Stopped,13.7,97,32,145.86,17.57,2026-01-25 20:04:00,2026-01-26 09:46:00
us-east-1,CPU-Only,Free,Relational Database,Hardware_Fault,2.1,14,16,96.34,4.92,2026-02-26 06:25:00,2026-02-26 08:31:00
eu-central-1,T4,Free,ComfyUI / Stable Diffusion,Hardware_Fault,17.8,74,16,230.81,15.1,2026-02-06 23:44:00,2026-02-07 17:32:00
ap-southeast-1,CPU-Only,Free,Relational Database,Out_of_Credit,4.7,28,32,76.28,4.05,2026-03-20 00:01:00,2026-03-20 04:43:00
us-east-1,T4,Pro,ComfyUI / Stable Diffusion,CUDA_Out_Of_Memory,16.6,76,32,67.04,6.67,2026-04-09 04:48:00,2026-04-09 21:24:00
eu-central-1,CPU-Only,Free,Web App Hosting,User_Stopped,8.3,31,16,245.73,12.7,2026-03-11 12:30:00,2026-03-11 20:48:00
eu-central-1,CPU-Only,Free,Web App Hosting,User_Stopped,1.7,26,16,236.56,11.91,2026-04-21 05:21:00,2026-04-21 07:03:00
ap-southeast-1,T4,Pro,Web App Hosting,Hardware_Fault,2.7,17,32,24.9,1.78,2026-03-04 17:48:00,2026-03-04 20:30:00
us-east-1,CPU-Only,Free,Relational Database,Hardware_Fault,7.0,7,16,206.06,10.65,2026-03-25 16:52:00,2026-03-25 23:52:00
eu-central-1,CPU-Only,Free,Web App Hosting,User_Stopped,0.6,12,16,178.66,8.96,2026-03-29 19:19:00,2026-03-29 19:55:00
eu-central-1,CPU-Only,Free,Web App Hosting,Out_of_Credit,1.2,38,32,11.69,0.64,2026-04-19 20:52:00,2026-04-19 22:04:00
eu-central-1,CPU-Only,Free,Relational Database,Out_of_Credit,9.5,11,16,14.66,1.21,2026-01-13 09:49:00,2026-01-13 19:19:00
ap-southeast-1,T4,Pro,ComfyUI / Stable Diffusion,Hardware_Fault,23.0,79,16,42.79,6.74,2026-03-04 22:00:00,2026-03-05 21:00:00
eu-central-1,T4,Pro,ComfyUI / Stable Diffusion,User_Stopped,18.5,77,32,107.64,9.08,2026-04-01 05:42:00,2026-04-02 00:12:00
eu-central-1,T4,Pro,Web App Hosting,CUDA_Out_Of_Memory,14.1,24,16,5.99,3.12,2026-01-09 14:02:00,2026-01-10 04:08:00
eu-central-1,A100 80GB,Enterprise,PyTorch Training,CUDA_Out_Of_Memory,53.1,93,128,223.23,143.91,2026-03-10 11:37:00,2026-03-12 16:43:00
us-east-1,CPU-Only,Free,Web App Hosting,User_Stopped,5.8,37,16,185.07,9.54,2026-01-26 20:21:00,2026-01-27 02:09:00
us-east-1,T4,Pro,Web App Hosting,Out_of_Credit,20.8,30,32,5.6,4.44,2026-03-29 01:10:00,2026-03-29 21:58:00
eu-central-1,CPU-Only,Free,Relational Database,Hardware_Fault,7.4,12,16,232.56,12.0,2026-03-31 09:23:00,2026-03-31 16:47:00
us-east-1,CPU-Only,Free,Relational Database,Out_of_Credit,3.1,22,16,216.34,10.97,2026-03-04 21:16:00,2026-03-05 00:22:00
us-east-1,T4,Pro,Web App Hosting,CUDA_Out_Of_Memory,5.0,41,16,64.74,4.24,2026-04-07 13:23:00,2026-04-07 18:23:00
us-east-1,CPU-Only,Free,Web App Hosting,Hardware_Fault,10.3,32,16,133.33,7.18,2026-04-30 14:32:00,2026-05-01 00:50:00
eu-central-1,CPU-Only,Free,Web App Hosting,User_Stopped,6.2,36,16,103.81,5.5,2026-01-15 23:28:00,2026-01-16 05:40:00
ap-southeast-1,A100 80GB,Enterprise,PyTorch Training,CUDA_Out_Of_Memory,59.8,86,64,51.67,152.08,2026-02-19 05:32:00,2026-02-21 17:20:00
ap-southeast-1,T4,Pro,ComfyUI / Stable Diffusion,CUDA_Out_Of_Memory,10.7,93,16,206.2,12.45,2026-04-14 22:15:00,2026-04-15 08:57:00
ap-southeast-1,T4,Pro,ComfyUI / Stable Diffusion,CUDA_Out_Of_Memory,23.3,91,32,230.59,16.19,2026-04-09 18:40:00,2026-04-10 17:58:00
ap-southeast-1,RTX 4090,Pro,ComfyUI / Stable Diffusion,User_Stopped,41.5,78,32,164.95,39.37,2026-01-19 21:14:00,2026-01-21 14:44:00
us-east-1,T4,Pro,Web App Hosting,Out_of_Credit,4.4,10,32,31.24,2.44,2026-02-26 17:02:00,2026-02-26 21:26:00
us-east-1,CPU-Only,Free,Relational Database,Out_of_Credit,1.0,23,16,6.22,0.36,2026-03-24 18:18:00,2026-03-24 19:18:00
ap-southeast-1,RTX 4090,Pro,PyTorch Training,User_Stopped,43.4,99,64,235.05,44.3,2026-04-30 04:25:00,2026-05-01 23:49:00
ap-southeast-1,T4,Pro,Web App Hosting,Out_of_Credit,9.1,31,16,3.26,1.98,2026-03-26 11:41:00,2026-03-26 20:47:00
eu-central-1,CPU-Only,Free,Relational Database,Out_of_Credit,6.8,5,32,135.14,7.1,2026-01-23 11:36:00,2026-01-23 18:24:00
eu-central-1,RTX 4090,Pro,ComfyUI / Stable Diffusion,Hardware_Fault,21.2,67,32,27.81,17.29,2026-04-05 06:22:00,2026-04-06 03:34:00
us-east-1,CPU-Only,Free,Relational Database,Hardware_Fault,9.7,13,16,40.31,2.5,2026-02-19 14:02:00,2026-02-19 23:44:00
eu-central-1,RTX 4090,Pro,PyTorch Training,CUDA_Out_Of_Memory,35.0,95,32,61.02,29.3,2026-04-10 21:44:00,2026-04-12 08:44:00
us-east-1,T4,Pro,ComfyUI / Stable Diffusion,Out_of_Credit,10.4,63,32,206.7,12.42,2026-03-19 03:59:00,2026-03-19 14:23:00
ap-southeast-1,T4,Pro,Web App Hosting,Hardware_Fault,16.5,20,16,143.82,10.49,2026-02-24 12:31:00,2026-02-25 05:01:00
us-east-1,CPU-Only,Free,Web App Hosting,User_Stopped,10.3,43,32,139.92,7.51,2026-02-26 17:52:00,2026-02-27 04:10:00
eu-central-1,A100 80GB,Enterprise,PyTorch Training,Out_of_Credit,57.0,86,128,173.95,151.2,2026-02-05 12:18:00,2026-02-07 21:18:00
eu-central-1,A100 80GB,Enterprise,PyTorch Training,CUDA_Out_Of_Memory,57.2,86,64,239.08,154.95,2026-03-23 03:30:00,2026-03-25 12:42:00
ap-southeast-1,CPU-Only,Free,Web App Hosting,Out_of_Credit,11.5,18,32,106.41,5.9,2026-02-11 10:48:00,2026-02-11 22:18:00
us-east-1,T4,Free,ComfyUI / Stable Diffusion,Hardware_Fault,19.3,62,32,116.51,9.69,2026-03-04 16:28:00,2026-03-05 11:46:00
eu-central-1,T4,Pro,ComfyUI / Stable Diffusion,Hardware_Fault,21.6,76,32,87.95,8.72,2026-04-22 08:34:00,2026-04-23 06:10:00
us-east-1,CPU-Only,Free,Relational Database,User_Stopped,9.2,23,16,159.74,8.45,2026-04-25 09:42:00,2026-04-25 18:54:00
us-east-1,A100 80GB,Enterprise,PyTorch Training,CUDA_Out_Of_Memory,63.5,94,64,192.39,168.37,2026-04-27 15:51:00,2026-04-30 07:21:00
ap-southeast-1,CPU-Only,Free,Relational Database,User_Stopped,0.6,17,16,87.89,4.42,2026-04-18 11:28:00,2026-04-18 12:04:00
us-east-1,T4,Free,ComfyUI / Stable Diffusion,CUDA_Out_Of_Memory,16.1,70,16,41.48,5.29,2026-03-12 21:02:00,2026-03-13 13:08:00
ap-southeast-1,RTX 4090,Pro,PyTorch Training,User_Stopped,39.8,100,64,61.43,32.92,2026-03-21 22:59:00,2026-03-23 14:47:00
us-east-1,RTX 4090,Pro,PyTorch Training,Hardware_Fault,34.7,88,64,234.36,37.74,2026-04-01 22:30:00,2026-04-03 09:12:00
ap-southeast-1,CPU-Only,Free,Relational Database,Hardware_Fault,3.0,15,32,155.97,7.95,2026-02-12 15:07:00,2026-02-12 18:07:00
eu-central-1,A100 80GB,Enterprise,PyTorch Training,User_Stopped,45.5,93,128,98.19,118.66,2026-03-22 23:41:00,2026-03-24 21:11:00
us-east-1,CPU-Only,Free,Web App Hosting,Out_of_Credit,3.0,34,16,223.22,11.31,2026-01-11 08:14:00,2026-01-11 11:14:00
eu-central-1,T4,Pro,ComfyUI / Stable Diffusion,CUDA_Out_Of_Memory,9.9,64,16,119.29,7.94,2026-02-07 01:11:00,2026-02-07 11:05:00
eu-central-1,T4,Pro,ComfyUI / Stable Diffusion,CUDA_Out_Of_Memory,14.7,62,16,49.62,5.42,2026-01-02 05:54:00,2026-01-02 20:36:00
us-east-1,CPU-Only,Free,Relational Database,Out_of_Credit,1.4,10,32,106.4,5.39,2026-02-15 17:58:00,2026-02-15 19:22:00
ap-southeast-1,T4,Free,Web App Hosting,User_Stopped,2.7,17,32,185.27,9.8,2026-01-27 06:16:00,2026-01-27 08:58:00
ap-southeast-1,A100 80GB,Enterprise,PyTorch Training,User_Stopped,55.9,94,128,186.27,149.06,2026-01-29 23:40:00,2026-02-01 07:34:00
ap-southeast-1,T4,Pro,Web App Hosting,CUDA_Out_Of_Memory,24.0,12,16,204.52,15.03,2026-02-22 09:44:00,2026-02-23 09:44:00
ap-southeast-1,T4,Pro,ComfyUI / Stable Diffusion,Hardware_Fault,10.4,82,32,184.28,11.29,2026-04-05 11:33:00,2026-04-05 21:57:00
us-east-1,T4,Pro,ComfyUI / Stable Diffusion,CUDA_Out_Of_Memory,9.5,74,32,87.83,6.29,2026-03-03 06:57:00,2026-03-03 16:27:00
eu-central-1,CPU-Only,Free,Relational Database,Out_of_Credit,6.9,21,16,116.63,6.18,2026-02-02 13:48:00,2026-02-02 20:42:00
us-east-1,CPU-Only,Free,Web App Hosting,Out_of_Credit,7.3,11,32,148.44,7.79,2026-02-21 20:08:00,2026-02-22 03:26:00
eu-central-1,CPU-Only,Free,Web App Hosting,Hardware_Fault,9.8,10,32,79.76,4.48,2026-02-27 19:35:00,2026-02-28 05:23:00
eu-central-1,RTX 4090,Enterprise,PyTorch Training,Out_of_Credit,45.0,89,32,222.0,44.85,2026-03-21 17:55:00,2026-03-23 14:55:00
us-east-1,T4,Pro,ComfyUI / Stable Diffusion,User_Stopped,20.1,91,16,185.56,13.3,2026-04-09 16:46:00,2026-04-10 12:52:00
us-east-1,CPU-Only,Free,Web App Hosting,Hardware_Fault,3.3,32,32,205.3,10.43,2026-01-24 04:12:00,2026-01-24 07:30:00
us-east-1,RTX 4090,Enterprise,ComfyUI / Stable Diffusion,Hardware_Fault,38.3,80,64,37.13,30.58,2026-03-23 12:59:00,2026-03-25 03:17:00
ap-southeast-1,CPU-Only,Free,Web App Hosting,User_Stopped,3.4,44,32,180.13,9.18,2026-02-16 10:09:00,2026-02-16 13:33:00
ap-southeast-1,RTX 4090,Enterprise,ComfyUI / Stable Diffusion,CUDA_Out_Of_Memory,43.9,93,32,207.78,43.31,2026-03-01 09:34:00,2026-03-03 05:28:00
us-east-1,CPU-Only,Free,Relational Database,Out_of_Credit,11.8,10,32,170.81,9.13,2026-04-03 09:54:00,2026-04-03 21:42:00
eu-central-1,A100 80GB,Enterprise,PyTorch Training,Out_of_Credit,34.1,88,64,37.37,87.12,2026-03-23 12:52:00,2026-03-24 22:58:00
eu-central-1,A100 80GB,Enterprise,PyTorch Training,User_Stopped,37.4,94,64,182.88,102.64,2026-01-05 14:44:00,2026-01-07 04:08:00
eu-central-1,A100 80GB,Enterprise,PyTorch Training,Out_of_Credit,31.5,98,128,7.18,79.11,2026-04-01 04:41:00,2026-04-02 12:11:00
ap-southeast-1,CPU-Only,Free,Relational Database,User_Stopped,8.5,19,32,225.95,11.72,2026-01-22 13:30:00,2026-01-22 22:00:00
us-east-1,A100 80GB,Enterprise,PyTorch Training,Out_of_Credit,52.6,94,128,129.36,137.97,2026-03-01 19:35:00,2026-03-04 00:11:00
us-east-1,RTX 4090,Pro,PyTorch Training,Out_of_Credit,13.0,87,64,195.54,19.53,2026-02-21 05:50:00,2026-02-21 18:50:00
eu-central-1,RTX 4090,Pro,ComfyUI / Stable Diffusion,User_Stopped,39.4,77,64,189.57,39.03,2026-02-25 15:49:00,2026-02-27 07:13:00
ap-southeast-1,CPU-Only,Free,Web App Hosting,Out_of_Credit,6.8,49,32,118.89,6.28,2026-01-09 13:52:00,2026-01-09 20:40:00
ap-southeast-1,CPU-Only,Free,Web App Hosting,Out_of_Credit,7.7,37,32,49.17,2.84,2026-03-24 00:03:00,2026-03-24 07:45:00
us-east-1,T4,Free,ComfyUI / Stable Diffusion,User_Stopped,15.5,67,32,59.51,6.08,2026-01-12 21:37:00,2026-01-13 13:07:00
us-east-1,CPU-Only,Free,Web App Hosting,Hardware_Fault,5.3,21,32,21.88,1.36,2026-04-12 00:46:00,2026-04-12 06:04:00
ap-southeast-1,T4,Pro,Web App Hosting,CUDA_Out_Of_Memory,16.1,22,16,244.18,15.43,2026-01-25 09:02:00,2026-01-26 01:08:00
ap-southeast-1,CPU-Only,Free,Relational Database,Out_of_Credit,5.2,13,32,3.33,0.43,2026-01-30 05:59:00,2026-01-30 11:11:00
ap-southeast-1,CPU-Only,Free,Relational Database,Hardware_Fault,1.7,16,16,207.42,10.46,2026-03-16 08:20:00,2026-03-16 10:02:00
us-east-1,CPU-Only,Free,Web App Hosting,Hardware_Fault,7.2,46,32,86.41,4.68,2026-03-08 08:15:00,2026-03-08 15:27:00
ap-southeast-1,RTX 4090,Enterprise,PyTorch Training,Hardware_Fault,15.9,92,64,197.69,21.81,2026-01-10 06:04:00,2026-01-10 21:58:00
us-east-1,T4,Pro,ComfyUI / Stable Diffusion,User_Stopped,9.3,89,32,24.56,3.09,2026-01-27 18:29:00,2026-01-28 03:47:00
ap-southeast-1,CPU-Only,Free,Web App Hosting,Out_of_Credit,4.1,26,32,193.72,9.89,2026-01-13 12:21:00,2026-01-13 16:27:00
eu-central-1,RTX 4090,Enterprise,ComfyUI / Stable Diffusion,User_Stopped,23.4,70,64,203.42,27.72,2026-01-06 04:40:00,2026-01-07 04:04:00
ap-southeast-1,A100 80GB,Enterprise,PyTorch Training,Hardware_Fault,53.2,98,128,143.4,140.17,2026-04-27 01:58:00,2026-04-29 07:10:00
eu-central-1,CPU-Only,Free,Web App Hosting,Hardware_Fault,7.8,24,32,155.07,8.14,2026-03-17 13:52:00,2026-03-17 21:40:00
eu-central-1,CPU-Only,Free,Web App Hosting,User_Stopped,11.2,30,32,67.33,3.93,2026-03-01 14:40:00,2026-03-02 01:52:00
ap-southeast-1,RTX 4090,Enterprise,ComfyUI / Stable Diffusion,Hardware_Fault,35.6,90,32,193.45,36.37,2026-03-18 18:33:00,2026-03-20 06:09:00
eu-central-1,RTX 4090,Pro,PyTorch Training,Hardware_Fault,35.3,94,32,189.19,35.93,2026-01-19 16:43:00,2026-01-21 04:01:00
us-east-1,T4,Pro,Web App Hosting,Out_of_Credit,20.6,38,16,100.74,9.16,2026-02-18 04:06:00,2026-02-19 00:42:00
eu-central-1,RTX 4090,Pro,ComfyUI / Stable Diffusion,User_Stopped,40.4,90,32,98.84,35.24,2026-04-24 12:23:00,2026-04-26 04:47:00
us-east-1,A100 80GB,Enterprise,PyTorch Training,CUDA_Out_Of_Memory,66.2,90,64,115.56,171.28,2026-03-21 21:39:00,2026-03-24 15:51:00
us-east-1,RTX 4090,Enterprise,ComfyUI / Stable Diffusion,CUDA_Out_Of_Memory,40.6,67,64,154.92,38.2,2026-01-21 19:23:00,2026-01-23 11:59:00
ap-southeast-1,RTX 4090,Enterprise,ComfyUI / Stable Diffusion,Out_of_Credit,37.8,62,32,105.3,33.61,2026-03-19 21:32:00,2026-03-21 11:20:00
us-east-1,CPU-Only,Free,Web App Hosting,Out_of_Credit,3.8,47,16,15.33,0.96,2026-03-21 13:12:00,2026-03-21 17:00:00
us-east-1,CPU-Only,Free,Relational Database,Hardware_Fault,9.0,7,32,177.83,9.34,2026-03-30 00:53:00,2026-03-30 09:53:00
ap-southeast-1,CPU-Only,Free,Web App Hosting,Out_of_Credit,2.3,11,16,206.07,10.42,2026-03-31 12:25:00,2026-03-31 14:43:00
eu-central-1,CPU-Only,Free,Web App Hosting,Hardware_Fault,4.2,25,32,131.84,6.8,2026-04-22 14:41:00,2026-04-22 18:53:00
eu-central-1,CPU-Only,Free,Web App Hosting,Hardware_Fault,0.8,41,32,146.04,7.34,2026-04-22 07:43:00,2026-04-22 08:31:00
us-east-1,T4,Free,Web App Hosting,User_Stopped,9.4,36,32,166.27,10.19,2026-04-25 13:31:00,2026-04-25 22:55:00
ap-southeast-1,CPU-Only,Free,Web App Hosting,Hardware_Fault,8.8,33,32,76.41,4.26,2026-04-28 04:06:00,2026-04-28 12:54:00
eu-central-1,T4,Free,ComfyUI / Stable Diffusion,CUDA_Out_Of_Memory,3.0,68,32,66.3,3.92,2026-02-24 21:49:00,2026-02-25 00:49:00
eu-central-1,CPU-Only,Free,Relational Database,Hardware_Fault,3.7,20,16,6.18,0.49,2026-01-22 05:22:00,2026-01-22 09:04:00
eu-central-1,CPU-Only,Free,Web App Hosting,Hardware_Fault,3.7,46,16,229.42,11.66,2026-01-06 02:04:00,2026-01-06 05:46:00
ap-southeast-1,RTX 4090,Pro,ComfyUI / Stable Diffusion,CUDA_Out_Of_Memory,20.5,88,64,238.05,27.28,2026-01-28 19:24:00,2026-01-29 15:54:00
eu-central-1,T4,Free,Web App Hosting,Hardware_Fault,17.7,32,16,148.94,10.99,2026-03-20 10:50:00,2026-03-21 04:32:00
eu-central-1,A100 80GB,Enterprise,PyTorch Training,User_Stopped,52.6,91,64,93.13,136.16,2026-01-31 13:56:00,2026-02-02 18:32:00
us-east-1,RTX 4090,Enterprise,ComfyUI / Stable Diffusion,Hardware_Fault,23.6,60,32,142.51,24.83,2026-01-10 08:17:00,2026-01-11 07:53:00
us-east-1,RTX 4090,Pro,PyTorch Training,CUDA_Out_Of_Memory,21.6,96,32,227.64,27.58,2026-01-12 22:49:00,2026-01-13 20:25:00
us-east-1,CPU-Only,Free,Web App Hosting,User_Stopped,10.8,25,32,98.72,5.48,2026-02-10 08:01:00,2026-02-10 18:49:00
ap-southeast-1,RTX 4090,Enterprise,PyTorch Training,Out_of_Credit,28.9,91,64,139.26,28.64,2026-03-29 22:58:00,2026-03-31 03:52:00
us-east-1,CPU-Only,Free,Relational Database,Out_of_Credit,8.0,5,16,241.97,12.5,2026-02-08 07:06:00,2026-02-08 15:06:00
us-east-1,CPU-Only,Free,Relational Database,Hardware_Fault,9.3,25,32,117.72,6.35,2026-04-15 18:47:00,2026-04-16 04:05:00
eu-central-1,T4,Pro,Web App Hosting,CUDA_Out_Of_Memory,2.8,49,16,80.56,4.59,2026-03-02 08:45:00,2026-03-02 11:33:00
us-east-1,CPU-Only,Free,Relational Database,Hardware_Fault,9.7,25,16,35.68,2.27,2026-04-19 20:09:00,2026-04-20 05:51:00
ap-southeast-1,CPU-Only,Free,Relational Database,User_Stopped,7.6,11,16,248.88,12.82,2026-02-15 05:29:00,2026-02-15 13:05:00
eu-central-1,T4,Free,Web App Hosting,Hardware_Fault,8.3,14,16,213.38,12.33,2026-02-24 02:20:00,2026-02-24 10:38:00
ap-southeast-1,T4,Free,ComfyUI / Stable Diffusion,Out_of_Credit,18.5,83,16,57.61,6.58,2026-01-08 13:35:00,2026-01-09 08:05:00
ap-southeast-1,CPU-Only,Free,Web App Hosting,Hardware_Fault,8.5,44,32,78.99,4.37,2026-03-08 11:32:00,2026-03-08 20:02:00
us-east-1,T4,Pro,Web App Hosting,Out_of_Credit,8.6,17,16,47.14,4.08,2026-01-14 20:51:00,2026-01-15 05:27:00
eu-central-1,RTX 4090,Pro,PyTorch Training,User_Stopped,39.0,100,32,206.71,39.59,2026-02-20 16:24:00,2026-02-22 07:24:00
eu-central-1,T4,Pro,ComfyUI / Stable Diffusion,CUDA_Out_Of_Memory,20.4,91,32,73.38,7.75,2026-04-14 06:42:00,2026-04-15 03:06:00
eu-central-1,CPU-Only,Free,Web App Hosting,Hardware_Fault,6.4,49,32,244.9,12.57,2026-02-27 07:00:00,2026-02-27 13:24:00
eu-central-1,CPU-Only,Free,Relational Database,Hardware_Fault,11.9,22,16,232.02,12.2,2026-03-18 13:47:00,2026-03-19 01:41:00
eu-central-1,RTX 4090,Pro,PyTorch Training,User_Stopped,32.6,85,64,31.88,26.04,2026-04-02 06:23:00,2026-04-03 14:59:00
us-east-1,RTX 4090,Pro,PyTorch Training,Hardware_Fault,21.5,99,64,93.95,20.82,2026-01-01 21:04:00,2026-01-02 18:34:00
us-east-1,RTX 4090,Pro,ComfyUI / Stable Diffusion,Hardware_Fault,30.9,88,64,82.66,27.31,2026-04-25 04:48:00,2026-04-26 11:42:00
ap-southeast-1,T4,Pro,ComfyUI / Stable Diffusion,Hardware_Fault,15.4,86,16,74.57,6.81,2026-02-23 05:09:00,2026-02-23 20:33:00
eu-central-1,A100 80GB,Enterprise,PyTorch Training,User_Stopped,48.7,97,128,201.26,131.81,2026-01-26 12:23:00,2026-01-28 13:05:00
eu-central-1,CPU-Only,Free,Relational Database,Hardware_Fault,0.9,25,16,72.46,3.67,2026-01-25 21:25:00,2026-01-25 22:19:00
us-east-1,T4,Free,ComfyUI / Stable Diffusion,Hardware_Fault,14.8,94,32,86.03,7.26,2026-04-01 15:16:00,2026-04-02 06:04:00
us-east-1,CPU-Only,Free,Web App Hosting,Hardware_Fault,2.6,43,16,160.82,8.17,2026-04-25 01:15:00,2026-04-25 03:51:00
us-east-1,T4,Pro,Web App Hosting,User_Stopped,3.0,19,16,22.46,1.72,2026-01-02 05:24:00,2026-01-02 08:24:00
us-east-1,RTX 4090,Pro,ComfyUI / Stable Diffusion,Hardware_Fault,45.8,73,32,104.12,39.56,2026-02-21 21:54:00,2026-02-23 19:42:00
eu-central-1,T4,Pro,Web App Hosting,CUDA_Out_Of_Memory,21.6,12,32,243.01,16.47,2026-02-27 00:35:00,2026-02-27 22:11:00
us-east-1,T4,Free,Web App Hosting,Hardware_Fault,19.0,15,32,136.65,10.63,2026-01-18 10:14:00,2026-01-19 05:14:00
ap-southeast-1,RTX 4090,Pro,PyTorch Training,Out_of_Credit,42.9,93,32,231.87,43.77,2026-02-01 17:54:00,2026-02-03 12:48:00
us-east-1,A100 80GB,Enterprise,PyTorch Training,Out_of_Credit,35.0,90,64,163.77,95.69,2026-04-12 01:26:00,2026-04-13 12:26:00
eu-central-1,CPU-Only,Free,Web App Hosting,Out_of_Credit,3.2,43,16,22.43,1.28,2026-01-06 06:45:00,2026-01-06 09:57:00
eu-central-1,RTX 4090,Enterprise,PyTorch Training,User_Stopped,31.0,96,64,219.8,34.24,2026-02-07 22:28:00,2026-02-09 05:28:00
ap-southeast-1,CPU-Only,Free,Relational Database,Hardware_Fault,6.6,22,32,40.05,2.33,2026-01-07 12:34:00,2026-01-07 19:10:00
us-east-1,RTX 4090,Pro,ComfyUI / Stable Diffusion,CUDA_Out_Of_Memory,41.7,60,64,84.44,35.5,2026-03-30 20:31:00,2026-04-01 14:13:00
ap-southeast-1,A100 80GB,Enterprise,PyTorch Training,CUDA_Out_Of_Memory,55.6,98,64,128.55,145.43,2026-02-12 00:59:00,2026-02-14 08:35:00
ap-southeast-1,CPU-Only,Free,Web App Hosting,Out_of_Credit,5.4,26,32,193.41,9.94,2026-04-07 16:42:00,2026-04-07 22:06:00
us-east-1,T4,Pro,ComfyUI / Stable Diffusion,CUDA_Out_Of_Memory,22.2,87,32,12.0,5.04,2026-03-21 10:20:00,2026-03-22 08:32:00
ap-southeast-1,T4,Pro,Web App Hosting,User_Stopped,22.6,48,16,1.43,4.59,2026-03-15 15:46:00,2026-03-16 14:22:00
eu-central-1,CPU-Only,Free,Relational Database,Out_of_Credit,1.1,16,32,34.48,1.78,2026-01-01 08:51:00,2026-01-01 09:57:00
us-east-1,RTX 4090,Enterprise,PyTorch Training,CUDA_Out_Of_Memory,30.6,90,32,186.74,32.29,2026-01-25 14:43:00,2026-01-26 21:19:00
us-east-1,CPU-Only,Free,Web App Hosting,Hardware_Fault,5.9,36,16,186.73,9.63,2026-03-17 19:10:00,2026-03-18 01:04:00
us-east-1,CPU-Only,Free,Relational Database,Hardware_Fault,2.9,18,16,5.39,0.41,2026-03-27 12:57:00,2026-03-27 15:51:00
eu-central-1,T4,Pro,ComfyUI / Stable Diffusion,Out_of_Credit,21.4,78,32,59.6,7.26,2026-03-25 20:44:00,2026-03-26 18:08:00
us-east-1,T4,Pro,Web App Hosting,Out_of_Credit,21.5,35,16,95.42,9.07,2026-01-23 08:43:00,2026-01-24 06:13:00
ap-southeast-1,T4,Pro,ComfyUI / Stable Diffusion,Hardware_Fault,2.6,67,32,108.4,5.94,2026-03-17 06:45:00,2026-03-17 09:21:00
eu-central-1,CPU-Only,Free,Web App Hosting,Hardware_Fault,2.9,42,32,48.09,2.55,2026-04-29 07:32:00,2026-04-29 10:26:00
eu-central-1,CPU-Only,Free,Web App Hosting,Hardware_Fault,11.9,22,16,241.61,12.68,2026-03-02 13:56:00,2026-03-03 01:50:00
us-east-1,CPU-Only,Free,Web App Hosting,Hardware_Fault,7.8,13,32,199.93,10.39,2026-04-27 07:00:00,2026-04-27 14:48:00
us-east-1,A100 80GB,Enterprise,PyTorch Training,CUDA_Out_Of_Memory,57.0,85,128,139.01,149.45,2026-03-29 01:03:00,2026-03-31 10:03:00
eu-central-1,CPU-Only,Free,Web App Hosting,Out_of_Credit,1.1,35,32,30.52,1.58,2026-04-21 08:06:00,2026-04-21 09:12:00
eu-central-1,CPU-Only,Free,Relational Database,Hardware_Fault,5.0,11,16,27.76,1.64,2026-03-06 14:10:00,2026-03-06 19:10:00
ap-southeast-1,T4,Pro,ComfyUI / Stable Diffusion,CUDA_Out_Of_Memory,10.7,71,16,41.79,4.23,2026-01-24 12:33:00,2026-01-24 23:15:00
us-east-1,T4,Pro,ComfyUI / Stable Diffusion,Hardware_Fault,12.2,83,16,55.26,5.2,2026-01-19 10:38:00,2026-01-19 22:50:00
us-east-1,T4,Free,Web App Hosting,Out_of_Credit,12.8,20,32,247.12,14.92,2026-01-10 13:05:00,2026-01-11 01:53:00
eu-central-1,CPU-Only,Free,Web App Hosting,Out_of_Credit,4.2,27,16,186.45,9.53,2026-03-24 11:57:00,2026-03-24 16:09:00
us-east-1,CPU-Only,Free,Relational Database,User_Stopped,7.0,25,16,182.61,9.48,2026-04-19 16:58:00,2026-04-19 23:58:00
us-east-1,CPU-Only,Free,Web App Hosting,Out_of_Credit,2.1,39,32,122.14,6.21,2026-01-26 23:43:00,2026-01-27 01:49:00
eu-central-1,T4,Pro,Web App Hosting,CUDA_Out_Of_Memory,20.1,31,16,4.29,4.23,2026-03-01 12:00:00,2026-03-02 08:06:00
eu-central-1,T4,Pro,ComfyUI / Stable Diffusion,Hardware_Fault,11.5,92,16,232.14,13.91,2026-04-11 17:49:00,2026-04-12 05:19:00
ap-southeast-1,T4,Pro,ComfyUI / Stable Diffusion,CUDA_Out_Of_Memory,8.6,61,16,37.57,3.6,2026-03-01 23:35:00,2026-03-02 08:11:00
eu-central-1,CPU-Only,Free,Web App Hosting,Out_of_Credit,1.7,17,32,115.66,5.87,2026-03-23 12:55:00,2026-03-23 14:37:00
us-east-1,A100 80GB,Enterprise,PyTorch Training,CUDA_Out_Of_Memory,65.7,96,128,18.23,165.16,2026-03-22 13:15:00,2026-03-25 06:57:00
ap-southeast-1,A100 80GB,Enterprise,PyTorch Training,Hardware_Fault,32.7,92,128,145.98,89.05,2026-04-21 01:44:00,2026-04-22 10:26:00
eu-central-1,CPU-Only,Free,Relational Database,User_Stopped,8.4,9,32,111.38,5.99,2026-02-12 07:39:00,2026-02-12 16:03:00
ap-southeast-1,CPU-Only,Free,Web App Hosting,Out_of_Credit,9.5,29,16,210.25,10.99,2026-04-05 23:25:00,2026-04-06 08:55:00
us-east-1,T4,Free,Web App Hosting,CUDA_Out_Of_Memory,21.9,42,16,122.07,10.48,2026-01-17 23:52:00,2026-01-18 21:46:00
eu-central-1,RTX 4090,Enterprise,PyTorch Training,CUDA_Out_Of_Memory,20.0,91,64,118.85,20.94,2026-02-25 03:00:00,2026-02-25 23:00:00
eu-central-1,CPU-Only,Free,Web App Hosting,User_Stopped,1.5,25,16,19.1,1.03,2026-01-10 05:49:00,2026-01-10 07:19:00
us-east-1,T4,Free,Web App Hosting,Out_of_Credit,20.7,45,32,169.45,12.61,2026-01-04 04:53:00,2026-01-05 01:35:00
us-east-1,T4,Pro,Web App Hosting,CUDA_Out_Of_Memory,6.3,41,32,160.05,9.26,2026-03-07 21:47:00,2026-03-08 04:05:00
eu-central-1,T4,Pro,ComfyUI / Stable Diffusion,Hardware_Fault,5.4,79,16,24.53,2.31,2026-04-08 02:33:00,2026-04-08 07:57:00
us-east-1,RTX 4090,Enterprise,ComfyUI / Stable Diffusion,CUDA_Out_Of_Memory,14.7,84,64,127.77,17.41,2026-04-20 10:42:00,2026-04-21 01:24:00
ap-southeast-1,T4,Free,ComfyUI / Stable Diffusion,Hardware_Fault,20.0,64,16,160.38,12.02,2026-03-11 02:16:00,2026-03-11 22:16:00
ap-southeast-1,CPU-Only,Free,Relational Database,Hardware_Fault,5.2,24,16,240.53,12.29,2026-04-05 18:49:00,2026-04-06 00:01:00
eu-central-1,CPU-Only,Free,Web App Hosting,User_Stopped,9.0,39,16,25.24,1.71,2026-03-26 11:09:00,2026-03-26 20:09:00
eu-central-1,A100 80GB,Enterprise,PyTorch Training,User_Stopped,38.4,95,128,119.97,102.0,2026-04-03 16:09:00,2026-04-05 06:33:00
eu-central-1,RTX 4090,Pro,ComfyUI / Stable Diffusion,Hardware_Fault,44.7,79,32,186.22,42.84,2026-04-07 05:18:00,2026-04-09 02:00:00
us-east-1,RTX 4090,Enterprise,PyTorch Training,Hardware_Fault,35.4,90,32,38.15,28.46,2026-03-24 14:24:00,2026-03-26 01:48:00
us-east-1,T4,Pro,ComfyUI / Stable Diffusion,Out_of_Credit,10.3,84,16,29.79,3.55,2026-04-09 15:02:00,2026-04-10 01:20:00
eu-central-1,CPU-Only,Free,Relational Database,Hardware_Fault,4.6,22,16,39.82,2.22,2026-03-24 12:11:00,2026-03-24 16:47:00
ap-southeast-1,CPU-Only,Free,Relational Database,User_Stopped,4.7,17,16,128.24,6.65,2026-04-13 20:36:00,2026-04-14 01:18:00
eu-central-1,CPU-Only,Free,Relational Database,Hardware_Fault,7.8,21,32,127.25,6.75,2026-01-30 02:26:00,2026-01-30 10:14:00
eu-central-1,CPU-Only,Free,Web App Hosting,Hardware_Fault,4.2,13,16,25.66,1.49,2026-03-28 12:47:00,2026-03-28 16:59:00
eu-central-1,CPU-Only,Free,Relational Database,Hardware_Fault,6.7,21,32,190.61,9.87,2026-01-16 18:21:00,2026-01-17 01:03:00
us-east-1,T4,Free,ComfyUI / Stable Diffusion,CUDA_Out_Of_Memory,14.5,93,32,97.38,7.77,2026-01-22 04:11:00,2026-01-22 18:41:00
eu-central-1,CPU-Only,Free,Relational Database,User_Stopped,6.5,12,16,238.02,12.23,2026-01-13 07:48:00,2026-01-13 14:18:00
us-east-1,CPU-Only,Free,Relational Database,Out_of_Credit,5.7,26,32,199.73,10.27,2026-01-15 23:52:00,2026-01-16 05:34:00
ap-southeast-1,T4,Free,ComfyUI / Stable Diffusion,Out_of_Credit,10.1,76,32,68.64,5.45,2026-04-12 10:15:00,2026-04-12 20:21:00
eu-central-1,CPU-Only,Free,Web App Hosting,Out_of_Credit,2.1,44,16,39.02,2.06,2026-01-10 02:05:00,2026-01-10 04:11:00
ap-southeast-1,CPU-Only,Free,Relational Database,Hardware_Fault,2.3,5,32,28.05,1.52,2026-04-22 11:06:00,2026-04-22 13:24:00
us-east-1,CPU-Only,Free,Relational Database,Out_of_Credit,7.6,13,16,65.3,3.64,2026-02-14 20:43:00,2026-02-15 04:19:00
us-east-1,A100 80GB,Enterprise,PyTorch Training,CUDA_Out_Of_Memory,34.1,89,64,94.74,89.99,2026-03-21 11:29:00,2026-03-22 21:35:00
eu-central-1,T4,Pro,Web App Hosting,Out_of_Credit,17.8,48,16,195.5,13.34,2026-02-19 20:45:00,2026-02-20 14:33:00
us-east-1,CPU-Only,Free,Web App Hosting,Hardware_Fault,8.6,21,32,157.79,8.32,2026-02-04 11:03:00,2026-02-04 19:39:00
us-east-1,CPU-Only,Free,Relational Database,Hardware_Fault,2.1,25,16,206.31,10.42,2026-03-02 02:52:00,2026-03-02 04:58:00
us-east-1,CPU-Only,Free,Web App Hosting,Hardware_Fault,8.6,14,32,106.41,5.75,2026-04-19 22:04:00,2026-04-20 06:40:00
ap-southeast-1,T4,Pro,ComfyUI / Stable Diffusion,CUDA_Out_Of_Memory,3.6,85,16,212.45,11.34,2026-02-17 17:22:00,2026-02-17 20:58:00
ap-southeast-1,CPU-Only,Free,Relational Database,Hardware_Fault,11.2,15,32,45.32,2.83,2026-01-15 03:18:00,2026-01-15 14:30:00
ap-southeast-1,CPU-Only,Free,Web App Hosting,User_Stopped,9.4,35,32,125.91,6.77,2026-04-30 18:39:00,2026-05-01 04:03:00
eu-central-1,T4,Pro,Web App Hosting,Hardware_Fault,22.1,25,16,185.05,13.67,2026-02-09 18:25:00,2026-02-10 16:31:00
ap-southeast-1,RTX 4090,Enterprise,PyTorch Training,CUDA_Out_Of_Memory,39.6,89,32,85.13,33.96,2026-03-08 08:22:00,2026-03-09 23:58:00
eu-central-1,T4,Free,Web App Hosting,CUDA_Out_Of_Memory,16.8,35,16,89.31,7.83,2026-04-30 03:01:00,2026-04-30 19:49:00
us-east-1,CPU-Only,Free,Web App Hosting,Hardware_Fault,5.9,11,16,186.57,9.62,2026-03-01 14:52:00,2026-03-01 20:46:00
eu-central-1,T4,Free,ComfyUI / Stable Diffusion,CUDA_Out_Of_Memory,8.2,63,16,204.21,11.85,2026-01-31 20:53:00,2026-02-01 05:05:00
eu-central-1,T4,Pro,ComfyUI / Stable Diffusion,Hardware_Fault,5.1,85,16,195.59,10.8,2026-02-24 01:28:00,2026-02-24 06:34:00
eu-central-1,CPU-Only,Free,Relational Database,Out_of_Credit,7.1,16,32,164.24,8.57,2026-03-04 19:43:00,2026-03-05 02:49:00
eu-central-1,CPU-Only,Free,Relational Database,User_Stopped,6.4,22,16,130.45,6.84,2026-01-18 21:24:00,2026-01-19 03:48:00
eu-central-1,T4,Free,Web App Hosting,Out_of_Credit,17.8,28,16,174.98,12.31,2026-03-19 07:07:00,2026-03-20 00:55:00
eu-central-1,T4,Free,ComfyUI / Stable Diffusion,Out_of_Credit,7.2,91,32,91.57,6.02,2026-03-11 01:56:00,2026-03-11 09:08:00
eu-central-1,CPU-Only,Free,Web App Hosting,Out_of_Credit,7.7,16,16,71.46,3.96,2026-03-16 01:34:00,2026-03-16 09:16:00
us-east-1,CPU-Only,Free,Relational Database,User_Stopped,9.3,27,32,156.53,8.29,2026-03-17 15:10:00,2026-03-18 00:28:00
ap-southeast-1,CPU-Only,Free,Web App Hosting,Out_of_Credit,4.9,45,32,119.14,6.2,2026-04-28 15:31:00,2026-04-28 20:25:00
ap-southeast-1,T4,Pro,ComfyUI / Stable Diffusion,CUDA_Out_Of_Memory,15.4,89,16,152.95,10.73,2026-04-25 13:48:00,2026-04-26 05:12:00
eu-central-1,CPU-Only,Free,Relational Database,Hardware_Fault,5.5,15,32,74.55,4.0,2026-01-26 21:52:00,2026-01-27 03:22:00
ap-southeast-1,A100 80GB,Enterprise,PyTorch Training,Hardware_Fault,31.0,87,64,171.95,86.1,2026-01-06 13:52:00,2026-01-07 20:52:00
ap-southeast-1,A100 80GB,Enterprise,PyTorch Training,Out_of_Credit,27.5,91,128,149.64,76.23,2026-03-06 18:00:00,2026-03-07 21:30:00
ap-southeast-1,CPU-Only,Free,Web App Hosting,Hardware_Fault,2.7,25,16,201.05,10.19,2026-03-22 17:13:00,2026-03-22 19:55:00
eu-central-1,T4,Free,Web App Hosting,CUDA_Out_Of_Memory,18.3,13,16,36.88,5.5,2026-01-15 06:52:00,2026-01-16 01:10:00
eu-central-1,RTX 4090,Pro,PyTorch Training,User_Stopped,30.0,90,64,61.44,25.57,2026-03-10 11:34:00,2026-03-11 17:34:00
ap-southeast-1,T4,Free,Web App Hosting,User_Stopped,12.1,18,16,43.72,4.61,2026-03-07 03:22:00,2026-03-07 15:28:00
ap-southeast-1,CPU-Only,Free,Web App Hosting,Out_of_Credit,1.3,21,16,125.15,6.32,2026-04-16 21:54:00,2026-04-16 23:12:00
ap-southeast-1,T4,Pro,ComfyUI / Stable Diffusion,CUDA_Out_Of_Memory,12.4,66,32,189.6,11.96,2026-03-18 06:37:00,2026-03-18 19:01:00
eu-central-1,A100 80GB,Enterprise,PyTorch Training,CUDA_Out_Of_Memory,38.0,88,64,149.23,102.46,2026-02-17 12:13:00,2026-02-19 02:13:00
eu-central-1,CPU-Only,Free,Relational Database,User_Stopped,5.0,19,16,63.53,3.43,2026-03-08 14:36:00,2026-03-08 19:36:00
eu-central-1,CPU-Only,Free,Web App Hosting,User_Stopped,5.5,34,16,166.84,8.62,2026-04-12 22:00:00,2026-04-13 03:30:00
eu-central-1,T4,Pro,ComfyUI / Stable Diffusion,Out_of_Credit,15.3,87,16,98.58,7.99,2026-03-17 19:10:00,2026-03-18 10:28:00
eu-central-1,CPU-Only,Free,Web App Hosting,Hardware_Fault,10.1,43,16,230.89,12.05,2026-02-08 22:58:00,2026-02-09 09:04:00
eu-central-1,RTX 4090,Enterprise,PyTorch Training,User_Stopped,37.5,85,64,29.21,29.59,2026-03-25 03:33:00,2026-03-26 17:03:00
ap-southeast-1,T4,Pro,Web App Hosting,CUDA_Out_Of_Memory,16.3,32,32,34.34,4.98,2026-04-19 23:00:00,2026-04-20 15:18:00
us-east-1,RTX 4090,Enterprise,PyTorch Training,CUDA_Out_Of_Memory,23.6,97,32,238.89,29.64,2026-01-21 21:01:00,2026-01-22 20:37:00
ap-southeast-1,A100 80GB,Enterprise,PyTorch Training,Hardware_Fault,47.6,96,128,163.69,127.18,2026-02-09 12:30:00,2026-02-11 12:06:00
ap-southeast-1,A100 80GB,Enterprise,PyTorch Training,Out_of_Credit,71.9,100,64,215.33,190.52,2026-01-29 19:10:00,2026-02-01 19:04:00
eu-central-1,A100 80GB,Enterprise,PyTorch Training,User_Stopped,44.9,86,64,159.78,120.24,2026-02-27 12:17:00,2026-03-01 09:11:00
ap-southeast-1,RTX 4090,Pro,PyTorch Training,CUDA_Out_Of_Memory,14.4,98,64,24.09,12.0,2026-04-26 09:28:00,2026-04-26 23:52:00
us-east-1,T4,Free,ComfyUI / Stable Diffusion,User_Stopped,9.9,72,16,167.4,10.35,2026-01-30 23:42:00,2026-01-31 09:36:00
us-east-1,A100 80GB,Enterprise,PyTorch Training,Hardware_Fault,43.9,90,64,172.66,118.38,2026-01-04 05:22:00,2026-01-06 01:16:00
eu-central-1,CPU-Only,Free,Web App Hosting,Out_of_Credit,1.7,10,32,121.26,6.15,2026-01-20 13:34:00,2026-01-20 15:16:00
us-east-1,T4,Pro,Web App Hosting,Out_of_Credit,8.1,16,16,3.26,1.78,2026-04-07 13:05:00,2026-04-07 21:11:00
ap-southeast-1,RTX 4090,Enterprise,PyTorch Training,Out_of_Credit,20.8,98,32,233.69,27.28,2026-02-22 01:45:00,2026-02-22 22:33:00
us-east-1,CPU-Only,Free,Relational Database,User_Stopped,10.4,9,32,160.06,8.52,2026-03-11 22:56:00,2026-03-12 09:20:00
us-east-1,RTX 4090,Pro,ComfyUI / Stable Diffusion,User_Stopped,14.3,88,32,150.14,18.23,2026-03-21 01:59:00,2026-03-21 16:17:00
us-east-1,T4,Free,Web App Hosting,Hardware_Fault,15.6,24,32,191.22,12.68,2026-03-12 16:41:00,2026-03-13 08:17:00
ap-southeast-1,RTX 4090,Pro,PyTorch Training,CUDA_Out_Of_Memory,33.0,86,32,117.79,30.64,2026-01-06 06:25:00,2026-01-07 15:25:00
us-east-1,CPU-Only,Free,Web App Hosting,Hardware_Fault,1.9,10,16,49.66,2.58,2026-01-17 09:56:00,2026-01-17 11:50:00
eu-central-1,A100 80GB,Enterprise,PyTorch Training,User_Stopped,38.5,96,64,157.77,104.14,2026-03-12 04:40:00,2026-03-13 19:10:00
us-east-1,CPU-Only,Free,Relational Database,User_Stopped,3.1,26,16,173.77,8.84,2026-04-22 18:19:00,2026-04-22 21:25:00
ap-southeast-1,T4,Pro,ComfyUI / Stable Diffusion,Out_of_Credit,20.4,87,32,42.07,6.18,2026-01-19 18:38:00,2026-01-20 15:02:00
eu-central-1,CPU-Only,Free,Web App Hosting,User_Stopped,8.6,27,32,247.56,12.81,2026-03-17 18:42:00,2026-03-18 03:18:00
ap-southeast-1,RTX 4090,Pro,PyTorch Training,CUDA_Out_Of_Memory,34.7,94,32,26.1,27.33,2026-04-06 10:02:00,2026-04-07 20:44:00
ap-southeast-1,CPU-Only,Free,Web App Hosting,Hardware_Fault,11.7,48,32,32.6,2.22,2026-01-26 04:46:00,2026-01-26 16:28:00
us-east-1,CPU-Only,Free,Relational Database,User_Stopped,5.5,18,32,154.56,8.0,2026-03-25 21:17:00,2026-03-26 02:47:00
us-east-1,A100 80GB,Enterprise,PyTorch Training,User_Stopped,47.0,85,128,95.65,122.28,2026-01-27 19:12:00,2026-01-29 18:12:00
ap-southeast-1,RTX 4090,Enterprise,ComfyUI / Stable Diffusion,User_Stopped,20.2,94,64,124.27,21.36,2026-03-24 13:25:00,2026-03-25 09:37:00
us-east-1,T4,Free,Web App Hosting,Hardware_Fault,10.0,18,32,197.67,11.88,2026-03-16 21:49:00,2026-03-17 07:49:00
ap-southeast-1,A100 80GB,Enterprise,PyTorch Training,CUDA_Out_Of_Memory,30.5,100,128,228.41,87.67,2026-04-19 17:27:00,2026-04-20 23:57:00
ap-southeast-1,RTX 4090,Pro,ComfyUI / Stable Diffusion,User_Stopped,31.0,94,32,156.33,31.07,2026-01-12 04:45:00,2026-01-13 11:45:00
us-east-1,T4,Free,Web App Hosting,Hardware_Fault,14.1,40,16,225.09,14.07,2026-02-09 19:48:00,2026-02-10 09:54:00
us-east-1,CPU-Only,Free,Relational Database,Out_of_Credit,9.7,19,16,184.01,9.69,2026-04-22 16:41:00,2026-04-23 02:23:00
us-east-1,A100 80GB,Enterprise,PyTorch Training,User_Stopped,26.6,91,64,112.12,72.11,2026-02-04 23:44:00,2026-02-06 02:20:00
us-east-1,CPU-Only,Free,Web App Hosting,User_Stopped,8.3,20,16,96.43,5.24,2026-01-03 15:09:00,2026-01-03 23:27:00
ap-southeast-1,T4,Free,ComfyUI / Stable Diffusion,Out_of_Credit,11.7,67,16,151.42,9.91,2026-02-05 04:11:00,2026-02-05 15:53:00
ap-southeast-1,CPU-Only,Free,Web App Hosting,User_Stopped,3.2,22,16,79.59,4.14,2026-01-07 17:50:00,2026-01-07 21:02:00
us-east-1,CPU-Only,Free,Web App Hosting,Hardware_Fault,6.2,27,16,209.67,10.79,2026-03-26 18:24:00,2026-03-27 00:36:00
us-east-1,A100 80GB,Enterprise,PyTorch Training,Hardware_Fault,71.1,94,64,168.47,186.17,2026-01-10 12:38:00,2026-01-13 11:44:00
ap-southeast-1,T4,Free,Web App Hosting,User_Stopped,13.5,24,16,210.83,13.24,2026-04-20 07:10:00,2026-04-20 20:40:00
us-east-1,A100 80GB,Enterprise,PyTorch Training,Out_of_Credit,33.0,95,64,182.67,91.63,2026-04-07 20:18:00,2026-04-09 05:18:00
ap-southeast-1,CPU-Only,Free,Web App Hosting,User_Stopped,3.0,22,16,175.77,8.94,2026-02-24 22:35:00,2026-02-25 01:35:00
ap-southeast-1,A100 80GB,Enterprise,PyTorch Training,Hardware_Fault,25.4,91,128,137.56,70.38,2026-02-25 05:39:00,2026-02-26 07:03:00
eu-central-1,T4,Pro,ComfyUI / Stable Diffusion,Out_of_Credit,17.4,66,16,80.79,7.52,2026-04-19 12:07:00,2026-04-20 05:31:00
ap-southeast-1,T4,Free,ComfyUI / Stable Diffusion,User_Stopped,8.7,90,32,13.41,2.41,2026-03-19 06:36:00,2026-03-19 15:18:00
ap-southeast-1,T4,Pro,ComfyUI / Stable Diffusion,Out_of_Credit,2.1,85,16,98.02,5.32,2026-02-13 08:16:00,2026-02-13 10:22:00
us-east-1,CPU-Only,Free,Web App Hosting,Out_of_Credit,9.7,17,32,142.46,7.61,2026-01-21 08:22:00,2026-01-21 18:04:00
eu-central-1,A100 80GB,Enterprise,PyTorch Training,Out_of_Credit,59.7,91,64,144.93,156.5,2026-01-18 02:21:00,2026-01-20 14:03:00
eu-central-1,CPU-Only,Free,Web App Hosting,Out_of_Credit,10.7,22,16,210.42,11.06,2026-01-31 05:01:00,2026-01-31 15:43:00
us-east-1,CPU-Only,Free,Relational Database,Out_of_Credit,2.3,29,16,204.39,10.33,2026-03-11 08:44:00,2026-03-11 11:02:00
ap-southeast-1,RTX 4090,Pro,PyTorch Training,CUDA_Out_Of_Memory,12.9,96,64,169.54,18.15,2026-04-29 04:13:00,2026-04-29 17:07:00
eu-central-1,RTX 4090,Pro,ComfyUI / Stable Diffusion,User_Stopped,14.6,75,32,110.55,16.48,2026-02-06 19:02:00,2026-02-07 09:38:00
eu-central-1,CPU-Only,Free,Relational Database,Out_of_Credit,2.9,14,32,141.46,7.22,2026-03-29 15:49:00,2026-03-29 18:43:00
us-east-1,RTX 4090,Enterprise,PyTorch Training,Out_of_Credit,47.8,94,32,17.58,36.73,2026-04-23 03:14:00,2026-04-25 03:02:00
ap-southeast-1,CPU-Only,Free,Relational Database,User_Stopped,4.7,18,16,188.44,9.66,2026-02-18 23:26:00,2026-02-19 04:08:00
eu-central-1,CPU-Only,Free,Relational Database,Out_of_Credit,9.5,26,16,49.28,2.94,2026-03-19 03:49:00,2026-03-19 13:19:00
us-east-1,T4,Pro,ComfyUI / Stable Diffusion,Hardware_Fault,11.9,68,32,196.17,12.19,2026-01-14 09:26:00,2026-01-14 21:20:00
ap-southeast-1,T4,Pro,Web App Hosting,User_Stopped,10.1,46,32,200.11,12.03,2026-01-30 11:56:00,2026-01-30 22:02:00
eu-central-1,T4,Pro,ComfyUI / Stable Diffusion,CUDA_Out_Of_Memory,14.0,93,16,30.74,4.34,2026-04-17 19:28:00,2026-04-18 09:28:00
ap-southeast-1,CPU-Only,Free,Relational Database,User_Stopped,7.2,16,16,221.4,11.43,2026-04-07 18:17:00,2026-04-08 01:29:00
ap-southeast-1,CPU-Only,Free,Relational Database,Out_of_Credit,2.8,5,32,212.18,10.75,2026-01-25 12:25:00,2026-01-25 15:13:00
us-east-1,RTX 4090,Enterprise,ComfyUI / Stable Diffusion,Hardware_Fault,20.2,64,64,238.36,27.07,2026-03-30 08:40:00,2026-03-31 04:52:00
eu-central-1,RTX 4090,Pro,PyTorch Training,Hardware_Fault,34.4,99,32,30.66,27.33,2026-03-02 19:51:00,2026-03-04 06:15:00
us-east-1,T4,Free,Web App Hosting,Hardware_Fault,4.9,41,16,204.14,11.19,2026-01-05 13:46:00,2026-01-05 18:40:00
eu-central-1,T4,Pro,ComfyUI / Stable Diffusion,Out_of_Credit,4.6,94,16,122.81,7.06,2026-04-14 21:05:00,2026-04-15 01:41:00
ap-southeast-1,T4,Pro,ComfyUI / Stable Diffusion,User_Stopped,14.7,72,32,123.43,9.11,2026-03-25 22:19:00,2026-03-26 13:01:00
ap-southeast-1,RTX 4090,Enterprise,PyTorch Training,CUDA_Out_Of_Memory,18.3,85,32,115.0,19.48,2026-04-08 07:35:00,2026-04-09 01:53:00
