RentalID,GpuModel,CustomerType,Region,CloudProvider,GpuCount,HourlyRate,DurationHours,TotalCost,AverageUtilization,RentalStartDate,RentalEndDate
RNT-10000,NVIDIA A100,Enterprise,EU-Central,Azure,1,2.69,25,67.25,43.21,2026-06-19 07:00:00,2026-06-20 08:00:00
RNT-10001,AMD Instinct MI250,Student,EU-Central,AWS,2,1.07,5,10.7,22.2,2026-02-14 05:00:00,2026-02-14 10:00:00
RNT-10002,NVIDIA RTX 3090,Student,EU-Central,AWS,1,0.76,49,37.24,56.66,2026-01-14 19:00:00,2026-01-16 20:00:00
RNT-10003,NVIDIA RTX 4090,Researcher,EU-Central,Lambda Labs,1,0.85,23,19.55,20.13,2026-08-19 10:00:00,2026-08-20 09:00:00
RNT-10004,NVIDIA A100,Researcher,US-West,Azure,1,3.73,4,14.92,94.06,2026-06-06 20:00:00,2026-06-07 00:00:00
RNT-10005,NVIDIA A100,Enterprise,EU-Central,GCP,1,3.32,79,262.28,26.52,2026-05-14 11:00:00,2026-05-17 18:00:00
RNT-10006,NVIDIA H100,Enterprise,US-East,Lambda Labs,4,4.16,18,299.52,32.75,2026-02-06 15:00:00,2026-02-07 09:00:00
RNT-10007,NVIDIA RTX 3090,Researcher,US-East,Azure,1,0.78,2,1.56,46.6,2026-02-22 17:00:00,2026-02-22 19:00:00
RNT-10008,NVIDIA RTX 4090,Researcher,US-West,Azure,4,0.9,24,86.4,44.48,2026-01-18 12:00:00,2026-01-19 12:00:00
RNT-10009,NVIDIA RTX 3090,Freelancer,Asia-Pacific,GCP,8,0.74,7,41.44,81.52,2026-02-07 21:00:00,2026-02-08 04:00:00
RNT-10010,NVIDIA H100,Researcher,US-East,Lambda Labs,2,4.34,39,338.52,51.07,2026-07-06 02:00:00,2026-07-07 17:00:00
RNT-10011,AMD Instinct MI250,Researcher,Asia-Pacific,Azure,1,1.85,41,75.85,25.37,2026-07-15 14:00:00,2026-07-17 07:00:00
RNT-10012,NVIDIA RTX 3090,Student,US-West,Azure,1,0.41,93,38.13,34.05,2026-08-31 21:00:00,2026-09-04 18:00:00
RNT-10013,NVIDIA A100,Enterprise,Asia-Pacific,Azure,2,3.27,17,111.18,55.82,2026-10-27 20:00:00,2026-10-28 13:00:00
RNT-10014,NVIDIA A100,Enterprise,Asia-Pacific,GCP,1,3.65,15,54.75,23.27,2026-10-30 13:00:00,2026-10-31 04:00:00
RNT-10015,NVIDIA A100,Researcher,Asia-Pacific,Lambda Labs,1,3.9,34,132.6,65.05,2026-02-04 17:00:00,2026-02-06 03:00:00
RNT-10016,NVIDIA A100,Student,Asia-Pacific,Lambda Labs,2,3.86,3,23.16,60.92,2026-08-03 13:00:00,2026-08-03 16:00:00
RNT-10017,NVIDIA RTX 4090,Enterprise,US-West,Lambda Labs,4,1.36,19,103.36,74.32,2026-08-07 04:00:00,2026-08-07 23:00:00
RNT-10018,NVIDIA RTX 4090,Enterprise,US-East,Lambda Labs,2,1.41,19,53.58,94.39,2026-11-12 20:00:00,2026-11-13 15:00:00
RNT-10019,NVIDIA A100,Researcher,EU-Central,AWS,1,2.8,2,5.6,92.1,2026-03-31 13:00:00,2026-03-31 15:00:00
RNT-10020,NVIDIA RTX 4090,Freelancer,Asia-Pacific,AWS,2,0.93,13,24.18,95.15,2026-11-04 07:00:00,2026-11-04 20:00:00
RNT-10021,NVIDIA H100,Student,US-East,Lambda Labs,1,4.58,46,210.68,32.02,2026-09-09 22:00:00,2026-09-11 20:00:00
RNT-10022,NVIDIA A100,Researcher,US-East,GCP,1,3.07,47,144.29,21.84,2026-01-08 14:00:00,2026-01-10 13:00:00
RNT-10023,NVIDIA A100,Freelancer,US-West,AWS,4,3.09,3,37.08,37.2,2026-09-13 14:00:00,2026-09-13 17:00:00
RNT-10024,NVIDIA RTX 4090,Researcher,US-East,Azure,1,1.14,2,2.28,90.56,2026-12-29 18:00:00,2026-12-29 20:00:00
RNT-10025,NVIDIA RTX 3090,Enterprise,US-West,AWS,1,0.46,7,3.22,97.48,2026-07-27 19:00:00,2026-07-28 02:00:00
RNT-10026,NVIDIA A100,Researcher,Asia-Pacific,Azure,1,3.54,50,177.0,87.34,2026-05-11 05:00:00,2026-05-13 07:00:00
RNT-10027,NVIDIA RTX 4090,Researcher,Asia-Pacific,Lambda Labs,4,0.83,3,9.96,19.9,2026-08-12 18:00:00,2026-08-12 21:00:00
RNT-10028,NVIDIA RTX 4090,Freelancer,EU-Central,AWS,2,0.95,31,58.9,95.27,2026-07-16 07:00:00,2026-07-17 14:00:00
RNT-10029,NVIDIA H100,Researcher,EU-Central,GCP,2,5.01,3,30.06,48.1,2026-05-22 05:00:00,2026-05-22 08:00:00
RNT-10030,NVIDIA RTX 4090,Freelancer,EU-Central,AWS,2,1.34,23,61.64,10.84,2026-09-09 19:00:00,2026-09-10 18:00:00
RNT-10031,NVIDIA A100,Researcher,US-East,AWS,1,3.61,11,39.71,49.82,2026-04-06 22:00:00,2026-04-07 09:00:00
RNT-10032,NVIDIA H100,Researcher,Asia-Pacific,AWS,1,5.29,37,195.73,14.15,2026-01-26 14:00:00,2026-01-28 03:00:00
RNT-10033,AMD Instinct MI250,Student,US-West,Lambda Labs,1,1.16,6,6.96,58.95,2026-04-21 02:00:00,2026-04-21 08:00:00
RNT-10034,AMD Instinct MI250,Enterprise,EU-Central,GCP,1,1.55,24,37.2,40.47,2026-05-03 09:00:00,2026-05-04 09:00:00
RNT-10035,NVIDIA RTX 3090,Researcher,US-West,AWS,1,0.43,6,2.58,52.61,2026-07-05 14:00:00,2026-07-05 20:00:00
RNT-10036,NVIDIA A100,Freelancer,US-West,GCP,4,3.07,30,368.4,65.19,2026-06-17 23:00:00,2026-06-19 05:00:00
RNT-10037,NVIDIA H100,Researcher,EU-Central,Lambda Labs,1,4.83,50,241.5,88.19,2026-02-20 15:00:00,2026-02-22 17:00:00
RNT-10038,NVIDIA RTX 4090,Freelancer,Asia-Pacific,Azure,1,0.73,3,2.19,69.57,2026-01-05 16:00:00,2026-01-05 19:00:00
RNT-10039,NVIDIA RTX 4090,Student,EU-Central,AWS,1,0.92,48,44.16,49.06,2026-03-18 18:00:00,2026-03-20 18:00:00
RNT-10040,NVIDIA H100,Freelancer,US-West,GCP,1,5.91,22,130.02,83.75,2026-06-09 10:00:00,2026-06-10 08:00:00
RNT-10041,NVIDIA RTX 4090,Enterprise,EU-Central,GCP,4,1.46,3,17.52,91.5,2026-07-27 15:00:00,2026-07-27 18:00:00
RNT-10042,NVIDIA H100,Enterprise,US-West,Lambda Labs,1,4.7,13,61.1,20.78,2026-09-14 04:00:00,2026-09-14 17:00:00
RNT-10043,AMD Instinct MI250,Freelancer,US-West,AWS,1,1.04,4,4.16,57.87,2026-07-24 04:00:00,2026-07-24 08:00:00
RNT-10044,NVIDIA A100,Enterprise,EU-Central,Azure,2,2.77,29,160.66,35.61,2026-09-12 13:00:00,2026-09-13 18:00:00
RNT-10045,NVIDIA RTX 4090,Enterprise,US-East,GCP,1,1.01,34,34.34,14.24,2026-01-11 17:00:00,2026-01-13 03:00:00
RNT-10046,NVIDIA A100,Student,EU-Central,AWS,1,3.92,3,11.76,70.17,2026-01-08 07:00:00,2026-01-08 10:00:00
RNT-10047,NVIDIA RTX 4090,Student,US-East,Azure,1,0.81,17,13.77,87.65,2026-02-01 04:00:00,2026-02-01 21:00:00
RNT-10048,NVIDIA RTX 4090,Freelancer,US-West,GCP,2,1.31,40,104.8,24.66,2026-01-28 06:00:00,2026-01-29 22:00:00
RNT-10049,NVIDIA A100,Enterprise,US-West,GCP,8,2.66,66,1404.48,83.12,2026-07-25 15:00:00,2026-07-28 09:00:00
RNT-10050,AMD Instinct MI250,Enterprise,US-East,Azure,2,1.98,17,67.32,86.81,2026-08-16 22:00:00,2026-08-17 15:00:00
RNT-10051,NVIDIA RTX 3090,Researcher,US-West,Azure,1,0.55,72,39.6,92.29,2026-05-08 13:00:00,2026-05-11 13:00:00
RNT-10052,AMD Instinct MI250,Student,US-East,Lambda Labs,4,1.78,18,128.16,33.88,2026-09-12 04:00:00,2026-09-12 22:00:00
RNT-10053,NVIDIA RTX 3090,Student,US-East,AWS,1,0.54,12,6.48,91.36,2026-07-31 23:00:00,2026-08-01 11:00:00
RNT-10054,NVIDIA RTX 4090,Enterprise,US-West,AWS,1,1.2,45,54.0,38.86,2026-08-27 08:00:00,2026-08-29 05:00:00
RNT-10055,AMD Instinct MI250,Researcher,Asia-Pacific,Lambda Labs,1,1.19,16,19.04,59.71,2026-07-26 03:00:00,2026-07-26 19:00:00
RNT-10056,NVIDIA H100,Researcher,US-East,GCP,1,4.29,15,64.35,14.55,2026-11-14 03:00:00,2026-11-14 18:00:00
RNT-10057,NVIDIA A100,Researcher,EU-Central,Azure,2,3.91,16,125.12,13.95,2026-10-10 15:00:00,2026-10-11 07:00:00
RNT-10058,NVIDIA H100,Student,EU-Central,Azure,2,5.84,45,525.6,74.83,2026-09-02 23:00:00,2026-09-04 20:00:00
RNT-10059,NVIDIA A100,Enterprise,US-West,Azure,4,3.83,43,658.76,50.0,2026-02-14 16:00:00,2026-02-16 11:00:00
RNT-10060,NVIDIA A100,Researcher,Asia-Pacific,GCP,2,3.44,12,82.56,33.07,2026-04-15 14:00:00,2026-04-16 02:00:00
RNT-10061,NVIDIA A100,Enterprise,US-West,Azure,2,3.71,10,74.2,27.14,2026-12-14 03:00:00,2026-12-14 13:00:00
RNT-10062,NVIDIA RTX 3090,Researcher,Asia-Pacific,Azure,1,0.43,16,6.88,70.3,2026-10-08 05:00:00,2026-10-08 21:00:00
RNT-10063,NVIDIA A100,Researcher,US-East,Lambda Labs,1,3.0,20,60.0,10.04,2026-08-22 15:00:00,2026-08-23 11:00:00
RNT-10064,NVIDIA A100,Student,US-East,GCP,2,2.97,7,41.58,82.53,2026-07-08 03:00:00,2026-07-08 10:00:00
RNT-10065,NVIDIA RTX 4090,Student,US-East,AWS,1,1.21,38,45.98,17.13,2026-02-13 05:00:00,2026-02-14 19:00:00
RNT-10066,NVIDIA H100,Researcher,US-East,Lambda Labs,4,4.71,16,301.44,27.23,2026-08-13 04:00:00,2026-08-13 20:00:00
RNT-10067,NVIDIA RTX 3090,Researcher,EU-Central,Lambda Labs,1,0.46,10,4.6,44.76,2026-05-22 15:00:00,2026-05-23 01:00:00
RNT-10068,NVIDIA H100,Enterprise,EU-Central,AWS,1,5.19,3,15.57,53.64,2026-05-16 15:00:00,2026-05-16 18:00:00
RNT-10069,AMD Instinct MI250,Researcher,US-West,Lambda Labs,1,1.81,7,12.67,41.95,2026-06-25 09:00:00,2026-06-25 16:00:00
RNT-10070,NVIDIA RTX 3090,Enterprise,Asia-Pacific,GCP,1,0.55,72,39.6,38.86,2026-05-22 08:00:00,2026-05-25 08:00:00
RNT-10071,NVIDIA A100,Freelancer,US-East,Azure,1,2.7,9,24.3,96.75,2026-03-21 03:00:00,2026-03-21 12:00:00
RNT-10072,NVIDIA H100,Enterprise,US-East,GCP,2,4.39,4,35.12,67.74,2026-03-23 13:00:00,2026-03-23 17:00:00
RNT-10073,NVIDIA RTX 3090,Student,Asia-Pacific,AWS,1,0.49,15,7.35,12.11,2026-05-15 03:00:00,2026-05-15 18:00:00
RNT-10074,NVIDIA RTX 3090,Researcher,Asia-Pacific,AWS,2,0.52,9,9.36,48.72,2026-07-26 11:00:00,2026-07-26 20:00:00
RNT-10075,NVIDIA RTX 3090,Student,US-West,Lambda Labs,1,0.66,1,0.66,88.75,2026-12-10 23:00:00,2026-12-11 00:00:00
RNT-10076,NVIDIA RTX 3090,Researcher,Asia-Pacific,GCP,1,0.64,9,5.76,37.13,2026-06-26 09:00:00,2026-06-26 18:00:00
RNT-10077,NVIDIA H100,Freelancer,US-East,GCP,1,5.39,19,102.41,18.51,2026-08-31 03:00:00,2026-08-31 22:00:00
RNT-10078,NVIDIA A100,Student,US-East,AWS,4,3.04,19,231.04,78.25,2026-02-24 17:00:00,2026-02-25 12:00:00
RNT-10079,NVIDIA H100,Researcher,US-East,GCP,1,5.65,11,62.15,64.54,2026-05-21 12:00:00,2026-05-21 23:00:00
RNT-10080,NVIDIA RTX 3090,Enterprise,US-East,AWS,2,0.48,14,13.44,61.33,2026-02-25 12:00:00,2026-02-26 02:00:00
RNT-10081,NVIDIA RTX 4090,Enterprise,US-East,GCP,1,1.08,81,87.48,14.82,2026-01-15 13:00:00,2026-01-18 22:00:00
RNT-10082,NVIDIA A100,Enterprise,US-West,GCP,2,3.7,11,81.4,22.64,2026-07-04 17:00:00,2026-07-05 04:00:00
RNT-10083,NVIDIA H100,Student,US-East,GCP,1,4.36,7,30.52,66.03,2026-11-10 00:00:00,2026-11-10 07:00:00
RNT-10084,NVIDIA A100,Researcher,US-West,AWS,2,2.66,7,37.24,28.7,2026-03-29 20:00:00,2026-03-30 03:00:00
RNT-10085,NVIDIA A100,Enterprise,US-East,Lambda Labs,2,3.83,15,114.9,55.37,2026-04-07 15:00:00,2026-04-08 06:00:00
RNT-10086,NVIDIA RTX 3090,Student,EU-Central,GCP,4,0.54,34,73.44,59.04,2026-05-24 14:00:00,2026-05-26 00:00:00
RNT-10087,NVIDIA RTX 4090,Researcher,EU-Central,AWS,1,1.25,6,7.5,35.52,2026-01-08 21:00:00,2026-01-09 03:00:00
RNT-10088,NVIDIA RTX 3090,Student,EU-Central,AWS,1,0.41,30,12.3,95.36,2026-08-03 04:00:00,2026-08-04 10:00:00
RNT-10089,NVIDIA RTX 4090,Student,EU-Central,GCP,1,1.25,1,1.25,85.82,2026-06-22 05:00:00,2026-06-22 06:00:00
RNT-10090,NVIDIA H100,Researcher,US-West,GCP,4,4.63,13,240.76,75.01,2026-08-11 05:00:00,2026-08-11 18:00:00
RNT-10091,NVIDIA RTX 3090,Student,US-West,Lambda Labs,2,0.42,36,30.24,17.02,2026-02-09 02:00:00,2026-02-10 14:00:00
RNT-10092,NVIDIA RTX 3090,Enterprise,Asia-Pacific,AWS,2,0.64,10,12.8,19.55,2026-07-01 15:00:00,2026-07-02 01:00:00
RNT-10093,NVIDIA RTX 4090,Enterprise,US-East,AWS,1,0.89,20,17.8,54.35,2026-09-27 11:00:00,2026-09-28 07:00:00
RNT-10094,NVIDIA RTX 3090,Freelancer,EU-Central,Azure,1,0.55,6,3.3,24.46,2026-07-06 03:00:00,2026-07-06 09:00:00
RNT-10095,NVIDIA RTX 4090,Researcher,US-West,AWS,1,0.76,33,25.08,98.04,2026-09-02 00:00:00,2026-09-03 09:00:00
RNT-10096,NVIDIA RTX 4090,Student,US-East,Lambda Labs,8,0.82,1,6.56,24.27,2026-11-05 03:00:00,2026-11-05 04:00:00
RNT-10097,NVIDIA RTX 4090,Student,US-East,Azure,2,0.94,46,86.48,53.87,2026-08-19 00:00:00,2026-08-20 22:00:00
RNT-10098,NVIDIA H100,Enterprise,US-West,Azure,4,4.18,5,83.6,42.77,2026-06-04 20:00:00,2026-06-05 01:00:00
RNT-10099,NVIDIA H100,Enterprise,EU-Central,Azure,1,5.82,50,291.0,67.54,2026-06-24 07:00:00,2026-06-26 09:00:00
RNT-10100,NVIDIA H100,Student,Asia-Pacific,GCP,2,4.01,10,80.2,21.61,2026-12-02 23:00:00,2026-12-03 09:00:00
RNT-10101,NVIDIA RTX 4090,Freelancer,US-East,GCP,2,1.09,31,67.58,48.73,2026-04-25 04:00:00,2026-04-26 11:00:00
RNT-10102,NVIDIA A100,Student,Asia-Pacific,AWS,1,2.68,9,24.12,34.72,2026-11-07 01:00:00,2026-11-07 10:00:00
RNT-10103,NVIDIA RTX 4090,Enterprise,EU-Central,Azure,4,0.95,57,216.6,89.9,2026-10-27 11:00:00,2026-10-29 20:00:00
RNT-10104,AMD Instinct MI250,Enterprise,EU-Central,Lambda Labs,4,1.93,3,23.16,13.65,2026-01-18 21:00:00,2026-01-19 00:00:00
RNT-10105,NVIDIA A100,Freelancer,Asia-Pacific,GCP,4,2.74,5,54.8,92.24,2026-09-29 16:00:00,2026-09-29 21:00:00
RNT-10106,NVIDIA RTX 4090,Enterprise,EU-Central,Lambda Labs,2,1.47,16,47.04,84.97,2026-01-12 06:00:00,2026-01-12 22:00:00
RNT-10107,NVIDIA RTX 3090,Freelancer,US-East,Lambda Labs,1,0.48,2,0.96,36.78,2026-10-28 10:00:00,2026-10-28 12:00:00
RNT-10108,NVIDIA A100,Researcher,Asia-Pacific,GCP,1,3.61,5,18.05,81.04,2026-07-11 03:00:00,2026-07-11 08:00:00
RNT-10109,NVIDIA H100,Freelancer,EU-Central,GCP,8,5.09,69,2809.68,12.81,2026-08-20 04:00:00,2026-08-23 01:00:00
RNT-10110,NVIDIA A100,Student,Asia-Pacific,GCP,1,3.83,90,344.7,97.02,2026-04-03 05:00:00,2026-04-06 23:00:00
RNT-10111,NVIDIA A100,Freelancer,US-East,GCP,2,3.33,11,73.26,57.39,2026-08-06 10:00:00,2026-08-06 21:00:00
RNT-10112,AMD Instinct MI250,Enterprise,EU-Central,Azure,2,1.53,62,189.72,37.3,2026-10-05 00:00:00,2026-10-07 14:00:00
RNT-10113,NVIDIA RTX 3090,Freelancer,US-East,Azure,2,0.48,19,18.24,42.63,2026-12-19 09:00:00,2026-12-20 04:00:00
RNT-10114,NVIDIA RTX 4090,Researcher,EU-Central,Azure,8,0.83,8,53.12,15.98,2026-10-30 19:00:00,2026-10-31 03:00:00
RNT-10115,NVIDIA RTX 3090,Enterprise,US-West,Azure,1,0.77,29,22.33,99.04,2026-01-29 23:00:00,2026-01-31 04:00:00
RNT-10116,NVIDIA RTX 3090,Enterprise,EU-Central,AWS,1,0.53,26,13.78,13.54,2026-10-28 20:00:00,2026-10-29 22:00:00
RNT-10117,NVIDIA A100,Enterprise,Asia-Pacific,Azure,1,3.06,109,333.54,68.94,2026-03-18 10:00:00,2026-03-22 23:00:00
RNT-10118,NVIDIA RTX 3090,Student,EU-Central,GCP,1,0.7,7,4.9,49.85,2026-01-09 23:00:00,2026-01-10 06:00:00
RNT-10119,NVIDIA RTX 4090,Student,US-East,Lambda Labs,1,0.97,27,26.19,95.4,2026-01-24 16:00:00,2026-01-25 19:00:00
RNT-10120,NVIDIA RTX 3090,Researcher,US-East,Azure,1,0.78,1,0.78,32.14,2026-01-15 07:00:00,2026-01-15 08:00:00
RNT-10121,NVIDIA RTX 3090,Student,EU-Central,AWS,4,0.7,3,8.4,57.89,2026-06-13 12:00:00,2026-06-13 15:00:00
RNT-10122,NVIDIA A100,Freelancer,Asia-Pacific,GCP,4,3.4,1,13.6,53.41,2026-01-13 19:00:00,2026-01-13 20:00:00
RNT-10123,NVIDIA H100,Researcher,US-West,Lambda Labs,1,5.76,181,1042.56,73.26,2026-12-13 17:00:00,2026-12-21 06:00:00
RNT-10124,NVIDIA A100,Freelancer,Asia-Pacific,Lambda Labs,1,2.57,39,100.23,16.12,2026-06-21 21:00:00,2026-06-23 12:00:00
RNT-10125,NVIDIA RTX 4090,Researcher,US-West,Azure,4,0.91,37,134.68,27.44,2026-12-23 15:00:00,2026-12-25 04:00:00
RNT-10126,NVIDIA RTX 3090,Student,US-East,Lambda Labs,1,0.59,17,10.03,29.31,2026-11-23 01:00:00,2026-11-23 18:00:00
RNT-10127,NVIDIA RTX 3090,Enterprise,Asia-Pacific,Azure,1,0.49,9,4.41,76.43,2026-07-19 04:00:00,2026-07-19 13:00:00
RNT-10128,NVIDIA H100,Enterprise,US-West,Azure,1,5.49,4,21.96,27.02,2026-03-17 17:00:00,2026-03-17 21:00:00
RNT-10129,NVIDIA RTX 4090,Researcher,EU-Central,GCP,2,1.44,8,23.04,61.61,2026-06-13 02:00:00,2026-06-13 10:00:00
RNT-10130,NVIDIA RTX 4090,Enterprise,US-East,GCP,1,1.04,11,11.44,29.37,2026-03-02 21:00:00,2026-03-03 08:00:00
RNT-10131,NVIDIA A100,Enterprise,EU-Central,AWS,8,3.01,34,818.72,87.55,2026-09-02 16:00:00,2026-09-04 02:00:00
RNT-10132,NVIDIA H100,Researcher,US-East,GCP,1,5.92,19,112.48,94.8,2026-06-04 15:00:00,2026-06-05 10:00:00
RNT-10133,NVIDIA A100,Freelancer,Asia-Pacific,GCP,2,3.17,2,12.68,56.66,2026-09-14 05:00:00,2026-09-14 07:00:00
RNT-10134,AMD Instinct MI250,Freelancer,Asia-Pacific,Azure,1,1.49,1,1.49,41.71,2026-09-01 18:00:00,2026-09-01 19:00:00
RNT-10135,NVIDIA A100,Enterprise,US-East,GCP,1,3.03,3,9.09,31.07,2026-06-11 06:00:00,2026-06-11 09:00:00
RNT-10136,NVIDIA RTX 4090,Student,US-East,Azure,2,1.43,13,37.18,14.48,2026-03-09 17:00:00,2026-03-10 06:00:00
RNT-10137,NVIDIA RTX 3090,Enterprise,US-East,Azure,2,0.63,65,81.9,34.17,2026-12-10 13:00:00,2026-12-13 06:00:00
RNT-10138,NVIDIA A100,Student,Asia-Pacific,GCP,2,3.64,24,174.72,68.88,2026-10-04 05:00:00,2026-10-05 05:00:00
RNT-10139,AMD Instinct MI250,Student,US-West,AWS,2,1.81,39,141.18,58.03,2026-06-10 07:00:00,2026-06-11 22:00:00
RNT-10140,AMD Instinct MI250,Researcher,EU-Central,AWS,4,1.34,15,80.4,94.96,2026-09-16 14:00:00,2026-09-17 05:00:00
RNT-10141,NVIDIA A100,Researcher,EU-Central,Lambda Labs,4,3.15,11,138.6,45.66,2026-11-03 14:00:00,2026-11-04 01:00:00
RNT-10142,NVIDIA RTX 4090,Freelancer,Asia-Pacific,Lambda Labs,2,1.38,3,8.28,72.45,2026-12-01 14:00:00,2026-12-01 17:00:00
RNT-10143,NVIDIA A100,Enterprise,EU-Central,GCP,1,3.04,50,152.0,54.04,2026-04-05 15:00:00,2026-04-07 17:00:00
RNT-10144,NVIDIA A100,Enterprise,US-East,AWS,1,3.69,37,136.53,56.13,2026-09-03 00:00:00,2026-09-04 13:00:00
RNT-10145,NVIDIA H100,Researcher,US-West,Azure,1,5.88,4,23.52,34.1,2026-08-09 10:00:00,2026-08-09 14:00:00
RNT-10146,NVIDIA RTX 4090,Researcher,EU-Central,Lambda Labs,2,1.2,17,40.8,50.95,2026-05-03 04:00:00,2026-05-03 21:00:00
RNT-10147,NVIDIA RTX 4090,Researcher,US-West,Azure,1,1.29,16,20.64,52.37,2026-07-06 04:00:00,2026-07-06 20:00:00
RNT-10148,NVIDIA H100,Freelancer,US-East,Lambda Labs,1,5.61,24,134.64,73.6,2026-09-19 20:00:00,2026-09-20 20:00:00
RNT-10149,NVIDIA A100,Student,EU-Central,GCP,4,3.77,70,1055.6,94.66,2026-09-30 05:00:00,2026-10-03 03:00:00
RNT-10150,AMD Instinct MI250,Freelancer,Asia-Pacific,AWS,4,1.4,21,117.6,39.64,2026-03-01 01:00:00,2026-03-01 22:00:00
RNT-10151,NVIDIA A100,Enterprise,US-West,Lambda Labs,4,2.58,19,196.08,13.8,2026-05-05 05:00:00,2026-05-06 00:00:00
RNT-10152,NVIDIA H100,Researcher,US-East,AWS,1,4.8,1,4.8,54.67,2026-12-03 13:00:00,2026-12-03 14:00:00
RNT-10153,NVIDIA RTX 4090,Enterprise,US-West,Azure,2,1.24,2,4.96,59.0,2026-12-07 10:00:00,2026-12-07 12:00:00
RNT-10154,AMD Instinct MI250,Researcher,EU-Central,GCP,1,1.45,5,7.25,25.16,2026-02-20 03:00:00,2026-02-20 08:00:00
RNT-10155,NVIDIA A100,Freelancer,EU-Central,AWS,1,3.62,1,3.62,78.44,2026-06-27 23:00:00,2026-06-28 00:00:00
RNT-10156,NVIDIA RTX 4090,Freelancer,Asia-Pacific,GCP,1,0.99,33,32.67,98.64,2026-05-19 08:00:00,2026-05-20 17:00:00
RNT-10157,NVIDIA RTX 3090,Researcher,US-East,AWS,1,0.65,31,20.15,95.12,2026-11-23 23:00:00,2026-11-25 06:00:00
RNT-10158,NVIDIA A100,Researcher,US-East,Azure,1,2.78,4,11.12,27.74,2026-06-19 02:00:00,2026-06-19 06:00:00
RNT-10159,NVIDIA RTX 3090,Enterprise,Asia-Pacific,Azure,4,0.7,43,120.4,88.78,2026-02-08 15:00:00,2026-02-10 10:00:00
RNT-10160,NVIDIA A100,Freelancer,Asia-Pacific,GCP,1,3.32,4,13.28,73.4,2026-03-10 10:00:00,2026-03-10 14:00:00
RNT-10161,NVIDIA RTX 4090,Researcher,US-East,Azure,2,0.86,9,15.48,50.85,2026-08-24 03:00:00,2026-08-24 12:00:00
RNT-10162,NVIDIA RTX 4090,Enterprise,US-West,Lambda Labs,2,0.93,7,13.02,58.65,2026-02-17 00:00:00,2026-02-17 07:00:00
RNT-10163,NVIDIA RTX 4090,Enterprise,US-West,AWS,1,1.3,11,14.3,86.46,2026-02-26 20:00:00,2026-02-27 07:00:00
RNT-10164,NVIDIA H100,Enterprise,Asia-Pacific,Azure,1,4.97,7,34.79,53.21,2026-10-04 21:00:00,2026-10-05 04:00:00
RNT-10165,NVIDIA RTX 3090,Student,US-West,Lambda Labs,1,0.49,16,7.84,43.59,2026-12-04 15:00:00,2026-12-05 07:00:00
RNT-10166,NVIDIA A100,Enterprise,US-East,GCP,2,3.95,13,102.7,54.39,2026-04-09 18:00:00,2026-04-10 07:00:00
RNT-10167,NVIDIA A100,Freelancer,EU-Central,Lambda Labs,1,3.57,103,367.71,62.12,2026-01-15 15:00:00,2026-01-19 22:00:00
RNT-10168,NVIDIA H100,Student,EU-Central,GCP,1,5.91,1,5.91,27.02,2026-11-21 10:00:00,2026-11-21 11:00:00
RNT-10169,NVIDIA RTX 4090,Researcher,US-West,GCP,1,1.04,4,4.16,91.08,2026-06-28 07:00:00,2026-06-28 11:00:00
RNT-10170,NVIDIA RTX 4090,Freelancer,Asia-Pacific,AWS,2,1.08,1,2.16,70.68,2026-11-28 22:00:00,2026-11-28 23:00:00
RNT-10171,NVIDIA H100,Student,Asia-Pacific,AWS,4,5.8,24,556.8,66.99,2026-03-03 00:00:00,2026-03-04 00:00:00
RNT-10172,NVIDIA RTX 4090,Freelancer,Asia-Pacific,Lambda Labs,1,1.12,1,1.12,18.95,2026-04-29 20:00:00,2026-04-29 21:00:00
RNT-10173,NVIDIA A100,Researcher,Asia-Pacific,AWS,2,3.56,43,306.16,64.38,2026-02-06 08:00:00,2026-02-08 03:00:00
RNT-10174,NVIDIA RTX 4090,Researcher,Asia-Pacific,AWS,2,0.9,17,30.6,20.89,2026-05-14 11:00:00,2026-05-15 04:00:00
RNT-10175,NVIDIA A100,Freelancer,US-West,AWS,4,3.17,18,228.24,17.08,2026-01-26 21:00:00,2026-01-27 15:00:00
RNT-10176,NVIDIA RTX 4090,Researcher,EU-Central,Lambda Labs,4,0.8,20,64.0,57.46,2026-01-08 07:00:00,2026-01-09 03:00:00
RNT-10177,NVIDIA A100,Enterprise,EU-Central,Azure,2,2.81,4,22.48,46.25,2026-01-04 16:00:00,2026-01-04 20:00:00
RNT-10178,AMD Instinct MI250,Researcher,US-West,AWS,2,1.0,5,10.0,62.99,2026-01-21 09:00:00,2026-01-21 14:00:00
RNT-10179,NVIDIA H100,Enterprise,Asia-Pacific,AWS,4,4.08,9,146.88,18.03,2026-05-29 06:00:00,2026-05-29 15:00:00
RNT-10180,NVIDIA A100,Student,US-West,Lambda Labs,1,3.97,22,87.34,48.79,2026-01-25 18:00:00,2026-01-26 16:00:00
RNT-10181,NVIDIA H100,Researcher,EU-Central,Azure,1,4.48,6,26.88,25.73,2026-05-23 05:00:00,2026-05-23 11:00:00
RNT-10182,AMD Instinct MI250,Freelancer,US-East,AWS,1,1.66,3,4.98,98.84,2026-09-02 20:00:00,2026-09-02 23:00:00
RNT-10183,NVIDIA RTX 3090,Researcher,US-West,GCP,4,0.74,84,248.64,60.5,2026-02-12 23:00:00,2026-02-16 11:00:00
RNT-10184,NVIDIA A100,Enterprise,Asia-Pacific,Lambda Labs,4,3.33,1,13.32,71.87,2026-10-20 23:00:00,2026-10-21 00:00:00
RNT-10185,NVIDIA RTX 4090,Researcher,EU-Central,AWS,1,0.82,39,31.98,39.29,2026-07-04 18:00:00,2026-07-06 09:00:00
RNT-10186,NVIDIA RTX 3090,Enterprise,EU-Central,AWS,2,0.69,37,51.06,18.53,2026-02-11 17:00:00,2026-02-13 06:00:00
RNT-10187,NVIDIA RTX 4090,Student,EU-Central,GCP,1,1.18,8,9.44,97.83,2026-04-02 14:00:00,2026-04-02 22:00:00
RNT-10188,NVIDIA RTX 4090,Freelancer,EU-Central,GCP,1,1.29,3,3.87,35.76,2026-11-13 01:00:00,2026-11-13 04:00:00
RNT-10189,NVIDIA A100,Researcher,Asia-Pacific,Lambda Labs,8,3.65,4,116.8,48.14,2026-11-20 13:00:00,2026-11-20 17:00:00
RNT-10190,NVIDIA H100,Researcher,US-East,Lambda Labs,1,5.95,29,172.55,68.49,2026-02-22 20:00:00,2026-02-24 01:00:00
RNT-10191,NVIDIA RTX 3090,Student,EU-Central,GCP,1,0.63,25,15.75,12.22,2026-03-25 09:00:00,2026-03-26 10:00:00
RNT-10192,AMD Instinct MI250,Student,US-West,Lambda Labs,2,1.34,37,99.16,82.92,2026-02-03 15:00:00,2026-02-05 04:00:00
RNT-10193,NVIDIA RTX 4090,Enterprise,US-East,GCP,2,1.22,67,163.48,58.29,2026-03-17 06:00:00,2026-03-20 01:00:00
RNT-10194,NVIDIA A100,Researcher,EU-Central,AWS,1,2.6,28,72.8,35.04,2026-12-19 07:00:00,2026-12-20 11:00:00
RNT-10195,NVIDIA A100,Freelancer,US-East,GCP,2,3.85,4,30.8,15.54,2026-07-16 09:00:00,2026-07-16 13:00:00
RNT-10196,NVIDIA RTX 3090,Researcher,US-West,GCP,2,0.45,7,6.3,24.62,2026-10-13 14:00:00,2026-10-13 21:00:00
RNT-10197,NVIDIA RTX 3090,Researcher,EU-Central,Azure,1,0.53,44,23.32,90.55,2026-03-29 07:00:00,2026-03-31 03:00:00
RNT-10198,NVIDIA RTX 3090,Enterprise,US-West,GCP,1,0.73,6,4.38,71.74,2026-08-23 12:00:00,2026-08-23 18:00:00
RNT-10199,NVIDIA RTX 3090,Enterprise,Asia-Pacific,GCP,2,0.64,2,2.56,32.49,2026-08-20 11:00:00,2026-08-20 13:00:00
RNT-10200,NVIDIA RTX 4090,Student,EU-Central,Azure,1,1.01,29,29.29,15.9,2026-01-07 07:00:00,2026-01-08 12:00:00
RNT-10201,NVIDIA H100,Student,EU-Central,Lambda Labs,4,4.95,12,237.6,72.16,2026-10-19 14:00:00,2026-10-20 02:00:00
RNT-10202,NVIDIA A100,Student,EU-Central,Azure,4,3.78,61,922.32,61.52,2026-02-07 11:00:00,2026-02-10 00:00:00
RNT-10203,NVIDIA RTX 3090,Enterprise,EU-Central,AWS,8,0.54,25,108.0,46.41,2026-02-21 10:00:00,2026-02-22 11:00:00
RNT-10204,NVIDIA RTX 4090,Enterprise,Asia-Pacific,Azure,1,1.4,2,2.8,42.73,2026-05-23 18:00:00,2026-05-23 20:00:00
RNT-10205,NVIDIA H100,Researcher,EU-Central,AWS,8,4.18,71,2374.24,29.51,2026-08-09 13:00:00,2026-08-12 12:00:00
RNT-10206,NVIDIA H100,Freelancer,US-East,Lambda Labs,1,5.55,7,38.85,70.27,2026-08-28 17:00:00,2026-08-29 00:00:00
RNT-10207,NVIDIA RTX 4090,Freelancer,EU-Central,Azure,1,1.38,10,13.8,97.36,2026-05-23 12:00:00,2026-05-23 22:00:00
RNT-10208,NVIDIA H100,Enterprise,Asia-Pacific,Azure,1,4.36,12,52.32,25.81,2026-12-15 03:00:00,2026-12-15 15:00:00
RNT-10209,NVIDIA A100,Freelancer,EU-Central,Lambda Labs,1,3.15,1,3.15,63.74,2026-12-29 16:00:00,2026-12-29 17:00:00
RNT-10210,NVIDIA RTX 4090,Researcher,US-East,AWS,2,0.83,16,26.56,48.18,2026-02-18 18:00:00,2026-02-19 10:00:00
RNT-10211,NVIDIA RTX 4090,Student,Asia-Pacific,Azure,1,1.27,3,3.81,50.2,2026-10-04 08:00:00,2026-10-04 11:00:00
RNT-10212,NVIDIA RTX 4090,Researcher,Asia-Pacific,AWS,1,1.13,12,13.56,32.87,2026-09-28 22:00:00,2026-09-29 10:00:00
RNT-10213,NVIDIA A100,Student,US-East,Azure,2,3.45,10,69.0,84.26,2026-01-14 06:00:00,2026-01-14 16:00:00
RNT-10214,NVIDIA RTX 3090,Enterprise,US-East,GCP,1,0.48,36,17.28,53.67,2026-10-25 00:00:00,2026-10-26 12:00:00
RNT-10215,NVIDIA A100,Freelancer,US-East,Azure,2,2.82,39,219.96,58.91,2026-01-15 06:00:00,2026-01-16 21:00:00
RNT-10216,NVIDIA A100,Student,US-East,Lambda Labs,1,2.56,4,10.24,37.43,2026-08-22 06:00:00,2026-08-22 10:00:00
RNT-10217,NVIDIA RTX 3090,Student,US-East,Lambda Labs,4,0.53,11,23.32,26.36,2026-03-04 19:00:00,2026-03-05 06:00:00
RNT-10218,NVIDIA RTX 4090,Researcher,Asia-Pacific,AWS,4,1.15,11,50.6,17.73,2026-07-15 06:00:00,2026-07-15 17:00:00
RNT-10219,NVIDIA RTX 3090,Freelancer,Asia-Pacific,Azure,1,0.74,4,2.96,74.27,2026-01-27 07:00:00,2026-01-27 11:00:00
RNT-10220,NVIDIA RTX 4090,Researcher,EU-Central,AWS,1,1.23,38,46.74,27.66,2026-04-03 15:00:00,2026-04-05 05:00:00
RNT-10221,NVIDIA RTX 4090,Enterprise,EU-Central,AWS,1,1.05,29,30.45,72.11,2026-04-15 02:00:00,2026-04-16 07:00:00
RNT-10222,NVIDIA H100,Student,US-West,GCP,4,5.91,5,118.2,45.13,2026-11-05 12:00:00,2026-11-05 17:00:00
RNT-10223,NVIDIA A100,Student,EU-Central,GCP,1,3.58,11,39.38,47.42,2026-02-21 09:00:00,2026-02-21 20:00:00
RNT-10224,NVIDIA A100,Freelancer,EU-Central,Lambda Labs,1,3.9,3,11.7,52.23,2026-11-15 17:00:00,2026-11-15 20:00:00
RNT-10225,NVIDIA A100,Freelancer,US-East,AWS,1,3.29,24,78.96,43.09,2026-06-30 06:00:00,2026-07-01 06:00:00
RNT-10226,AMD Instinct MI250,Student,US-East,Lambda Labs,1,1.26,3,3.78,19.06,2026-02-26 20:00:00,2026-02-26 23:00:00
RNT-10227,NVIDIA A100,Freelancer,EU-Central,Azure,1,2.58,102,263.16,37.87,2026-04-30 20:00:00,2026-05-05 02:00:00
RNT-10228,NVIDIA RTX 3090,Enterprise,US-West,AWS,4,0.69,36,99.36,69.74,2026-11-04 04:00:00,2026-11-05 16:00:00
RNT-10229,NVIDIA RTX 4090,Freelancer,US-East,AWS,1,0.8,12,9.6,69.92,2026-12-29 22:00:00,2026-12-30 10:00:00
RNT-10230,NVIDIA RTX 3090,Researcher,EU-Central,Azure,1,0.52,21,10.92,35.76,2026-02-12 23:00:00,2026-02-13 20:00:00
RNT-10231,NVIDIA RTX 4090,Enterprise,EU-Central,Azure,4,1.13,58,262.16,51.41,2026-05-15 21:00:00,2026-05-18 07:00:00
RNT-10232,NVIDIA RTX 4090,Researcher,Asia-Pacific,Lambda Labs,4,1.15,19,87.4,27.41,2026-09-17 06:00:00,2026-09-18 01:00:00
RNT-10233,NVIDIA RTX 4090,Enterprise,US-West,Lambda Labs,1,1.18,5,5.9,28.93,2026-07-16 21:00:00,2026-07-17 02:00:00
RNT-10234,NVIDIA A100,Student,Asia-Pacific,Azure,1,2.75,11,30.25,12.07,2026-05-13 16:00:00,2026-05-14 03:00:00
RNT-10235,NVIDIA RTX 3090,Student,US-West,Lambda Labs,1,0.55,44,24.2,90.71,2026-09-12 03:00:00,2026-09-13 23:00:00
RNT-10236,NVIDIA A100,Researcher,US-East,Azure,4,3.43,25,343.0,28.96,2026-08-08 23:00:00,2026-08-10 00:00:00
RNT-10237,NVIDIA H100,Enterprise,US-West,AWS,1,5.94,25,148.5,30.48,2026-12-02 22:00:00,2026-12-03 23:00:00
RNT-10238,NVIDIA RTX 4090,Researcher,EU-Central,AWS,4,1.28,48,245.76,35.16,2026-02-10 15:00:00,2026-02-12 15:00:00
RNT-10239,NVIDIA A100,Enterprise,EU-Central,GCP,2,3.88,54,419.04,21.47,2026-09-12 18:00:00,2026-09-15 00:00:00
RNT-10240,AMD Instinct MI250,Freelancer,US-West,AWS,2,1.76,61,214.72,67.53,2026-01-02 09:00:00,2026-01-04 22:00:00
RNT-10241,AMD Instinct MI250,Student,US-West,Azure,1,1.59,2,3.18,16.76,2026-07-14 02:00:00,2026-07-14 04:00:00
RNT-10242,AMD Instinct MI250,Enterprise,US-West,Lambda Labs,1,1.19,19,22.61,22.08,2026-08-30 02:00:00,2026-08-30 21:00:00
RNT-10243,NVIDIA A100,Researcher,Asia-Pacific,GCP,1,3.5,32,112.0,68.03,2026-05-29 16:00:00,2026-05-31 00:00:00
RNT-10244,NVIDIA H100,Freelancer,US-West,Lambda Labs,1,5.25,34,178.5,40.57,2026-07-17 09:00:00,2026-07-18 19:00:00
RNT-10245,AMD Instinct MI250,Student,US-East,Azure,2,1.6,22,70.4,73.72,2026-10-26 16:00:00,2026-10-27 14:00:00
RNT-10246,NVIDIA RTX 4090,Enterprise,Asia-Pacific,AWS,8,1.09,4,34.88,60.17,2026-09-02 21:00:00,2026-09-03 01:00:00
RNT-10247,AMD Instinct MI250,Freelancer,Asia-Pacific,GCP,2,1.53,38,116.28,33.04,2026-12-04 16:00:00,2026-12-06 06:00:00
RNT-10248,AMD Instinct MI250,Freelancer,US-West,Azure,2,1.33,31,82.46,68.57,2026-04-18 20:00:00,2026-04-20 03:00:00
RNT-10249,NVIDIA RTX 3090,Enterprise,US-East,GCP,1,0.61,2,1.22,20.46,2026-07-31 03:00:00,2026-07-31 05:00:00
RNT-10250,NVIDIA A100,Researcher,Asia-Pacific,GCP,1,2.8,15,42.0,58.28,2026-06-05 20:00:00,2026-06-06 11:00:00
RNT-10251,NVIDIA A100,Enterprise,EU-Central,AWS,1,3.71,5,18.55,49.34,2026-01-26 22:00:00,2026-01-27 03:00:00
RNT-10252,NVIDIA RTX 3090,Freelancer,Asia-Pacific,Azure,2,0.47,10,9.4,34.11,2026-03-23 05:00:00,2026-03-23 15:00:00
RNT-10253,NVIDIA A100,Enterprise,US-West,Lambda Labs,4,2.63,1,10.52,64.36,2026-03-24 11:00:00,2026-03-24 12:00:00
RNT-10254,NVIDIA A100,Student,US-East,GCP,2,3.15,12,75.6,88.42,2026-05-11 21:00:00,2026-05-12 09:00:00
RNT-10255,NVIDIA RTX 4090,Freelancer,US-West,GCP,1,1.23,19,23.37,99.9,2026-11-25 19:00:00,2026-11-26 14:00:00
RNT-10256,AMD Instinct MI250,Enterprise,EU-Central,Lambda Labs,1,1.44,23,33.12,64.7,2026-04-10 16:00:00,2026-04-11 15:00:00
RNT-10257,NVIDIA RTX 4090,Enterprise,EU-Central,Azure,2,0.92,26,47.84,46.42,2026-09-13 16:00:00,2026-09-14 18:00:00
RNT-10258,NVIDIA RTX 4090,Researcher,EU-Central,GCP,1,1.15,43,49.45,30.27,2026-02-18 09:00:00,2026-02-20 04:00:00
RNT-10259,NVIDIA H100,Enterprise,US-West,GCP,4,4.69,6,112.56,33.14,2026-03-04 06:00:00,2026-03-04 12:00:00
RNT-10260,NVIDIA RTX 4090,Researcher,Asia-Pacific,GCP,4,1.45,3,17.4,53.15,2026-11-07 15:00:00,2026-11-07 18:00:00
RNT-10261,AMD Instinct MI250,Enterprise,US-West,Azure,2,1.92,46,176.64,43.05,2026-10-17 12:00:00,2026-10-19 10:00:00
RNT-10262,NVIDIA H100,Student,US-East,Azure,1,5.0,4,20.0,92.24,2026-04-15 02:00:00,2026-04-15 06:00:00
RNT-10263,NVIDIA RTX 4090,Enterprise,Asia-Pacific,Lambda Labs,1,0.96,88,84.48,43.15,2026-04-15 01:00:00,2026-04-18 17:00:00
RNT-10264,NVIDIA RTX 3090,Freelancer,EU-Central,Azure,1,0.69,44,30.36,43.61,2026-11-21 15:00:00,2026-11-23 11:00:00
RNT-10265,NVIDIA RTX 3090,Student,US-West,Azure,1,0.41,17,6.97,44.52,2026-01-15 05:00:00,2026-01-15 22:00:00
RNT-10266,NVIDIA RTX 4090,Freelancer,EU-Central,AWS,1,1.08,96,103.68,85.3,2026-06-24 05:00:00,2026-06-28 05:00:00
RNT-10267,NVIDIA RTX 3090,Researcher,EU-Central,Lambda Labs,2,0.53,2,2.12,68.57,2026-09-16 12:00:00,2026-09-16 14:00:00
RNT-10268,NVIDIA A100,Freelancer,US-East,GCP,2,3.88,9,69.84,65.28,2026-07-30 06:00:00,2026-07-30 15:00:00
RNT-10269,NVIDIA A100,Enterprise,Asia-Pacific,Azure,1,2.52,24,60.48,40.07,2026-09-16 04:00:00,2026-09-17 04:00:00
RNT-10270,NVIDIA RTX 3090,Enterprise,US-East,GCP,1,0.62,10,6.2,83.61,2026-04-12 23:00:00,2026-04-13 09:00:00
RNT-10271,NVIDIA RTX 3090,Enterprise,US-East,GCP,1,0.7,63,44.1,13.45,2026-09-17 06:00:00,2026-09-19 21:00:00
RNT-10272,NVIDIA RTX 3090,Freelancer,US-East,AWS,1,0.59,2,1.18,88.37,2026-12-10 01:00:00,2026-12-10 03:00:00
RNT-10273,AMD Instinct MI250,Researcher,EU-Central,Azure,4,1.09,19,82.84,56.15,2026-06-08 16:00:00,2026-06-09 11:00:00
RNT-10274,NVIDIA RTX 4090,Researcher,US-East,Lambda Labs,1,1.48,21,31.08,45.84,2026-02-14 12:00:00,2026-02-15 09:00:00
RNT-10275,NVIDIA RTX 4090,Enterprise,US-East,Azure,1,1.11,25,27.75,54.75,2026-10-28 20:00:00,2026-10-29 21:00:00
RNT-10276,NVIDIA RTX 3090,Freelancer,Asia-Pacific,GCP,1,0.65,7,4.55,70.07,2026-09-08 20:00:00,2026-09-09 03:00:00
RNT-10277,NVIDIA RTX 4090,Enterprise,Asia-Pacific,Lambda Labs,4,0.89,11,39.16,11.15,2026-11-27 15:00:00,2026-11-28 02:00:00
RNT-10278,NVIDIA RTX 3090,Enterprise,US-East,Azure,2,0.59,45,53.1,88.44,2026-06-14 19:00:00,2026-06-16 16:00:00
RNT-10279,NVIDIA RTX 3090,Researcher,Asia-Pacific,GCP,1,0.57,5,2.85,50.21,2026-07-12 01:00:00,2026-07-12 06:00:00
RNT-10280,NVIDIA RTX 3090,Freelancer,Asia-Pacific,GCP,2,0.43,42,36.12,40.87,2026-01-09 04:00:00,2026-01-10 22:00:00
RNT-10281,NVIDIA A100,Student,US-East,AWS,2,2.66,20,106.4,22.44,2026-03-06 17:00:00,2026-03-07 13:00:00
RNT-10282,NVIDIA A100,Enterprise,EU-Central,AWS,8,3.76,34,1022.72,49.55,2026-10-09 06:00:00,2026-10-10 16:00:00
RNT-10283,NVIDIA H100,Student,US-East,AWS,1,4.48,30,134.4,54.67,2026-06-30 10:00:00,2026-07-01 16:00:00
RNT-10284,NVIDIA RTX 4090,Researcher,Asia-Pacific,GCP,4,0.86,6,20.64,46.33,2026-10-09 10:00:00,2026-10-09 16:00:00
RNT-10285,NVIDIA H100,Researcher,EU-Central,Azure,4,5.01,20,400.8,71.08,2026-10-06 21:00:00,2026-10-07 17:00:00
RNT-10286,NVIDIA RTX 4090,Researcher,US-West,AWS,4,1.31,49,256.76,47.88,2026-01-30 16:00:00,2026-02-01 17:00:00
RNT-10287,NVIDIA RTX 4090,Enterprise,EU-Central,Azure,2,0.75,14,21.0,96.53,2026-09-23 15:00:00,2026-09-24 05:00:00
RNT-10288,NVIDIA A100,Researcher,Asia-Pacific,AWS,2,3.37,82,552.68,63.93,2026-11-24 12:00:00,2026-11-27 22:00:00
RNT-10289,NVIDIA RTX 4090,Researcher,EU-Central,Lambda Labs,1,0.8,14,11.2,82.67,2026-08-05 21:00:00,2026-08-06 11:00:00
RNT-10290,NVIDIA H100,Researcher,US-East,Lambda Labs,2,4.07,4,32.56,19.84,2026-11-16 04:00:00,2026-11-16 08:00:00
RNT-10291,NVIDIA H100,Researcher,US-West,AWS,2,4.11,12,98.64,45.76,2026-04-15 19:00:00,2026-04-16 07:00:00
RNT-10292,NVIDIA RTX 3090,Researcher,US-West,GCP,2,0.73,73,106.58,40.32,2026-07-03 15:00:00,2026-07-06 16:00:00
RNT-10293,NVIDIA A100,Student,US-West,AWS,1,2.68,9,24.12,61.25,2026-11-26 21:00:00,2026-11-27 06:00:00
RNT-10294,NVIDIA H100,Enterprise,Asia-Pacific,AWS,2,4.09,49,400.82,87.5,2026-05-28 21:00:00,2026-05-30 22:00:00
RNT-10295,NVIDIA RTX 4090,Enterprise,Asia-Pacific,GCP,4,1.05,51,214.2,17.05,2026-04-15 15:00:00,2026-04-17 18:00:00
RNT-10296,NVIDIA RTX 3090,Enterprise,US-West,Lambda Labs,1,0.74,10,7.4,16.53,2026-02-16 15:00:00,2026-02-17 01:00:00
RNT-10297,NVIDIA A100,Researcher,EU-Central,Azure,4,2.89,2,23.12,86.53,2026-03-28 13:00:00,2026-03-28 15:00:00
RNT-10298,NVIDIA RTX 4090,Researcher,US-West,AWS,2,1.04,31,64.48,29.16,2026-11-05 05:00:00,2026-11-06 12:00:00
RNT-10299,NVIDIA H100,Freelancer,EU-Central,GCP,4,4.08,9,146.88,70.19,2026-05-09 01:00:00,2026-05-09 10:00:00
RNT-10300,NVIDIA H100,Enterprise,EU-Central,AWS,1,4.9,37,181.3,58.86,2026-09-15 13:00:00,2026-09-17 02:00:00
RNT-10301,NVIDIA RTX 4090,Researcher,Asia-Pacific,GCP,1,1.16,14,16.24,84.96,2026-11-10 15:00:00,2026-11-11 05:00:00
RNT-10302,NVIDIA RTX 4090,Student,EU-Central,Azure,4,1.16,16,74.24,21.26,2026-05-27 22:00:00,2026-05-28 14:00:00
RNT-10303,NVIDIA RTX 4090,Researcher,US-West,Azure,1,0.97,36,34.92,21.68,2026-03-13 19:00:00,2026-03-15 07:00:00
RNT-10304,NVIDIA RTX 3090,Researcher,Asia-Pacific,Lambda Labs,4,0.53,12,25.44,60.11,2026-05-20 12:00:00,2026-05-21 00:00:00
RNT-10305,AMD Instinct MI250,Researcher,US-East,GCP,1,1.11,14,15.54,95.17,2026-01-27 14:00:00,2026-01-28 04:00:00
RNT-10306,NVIDIA RTX 4090,Enterprise,US-East,GCP,2,0.99,11,21.78,47.35,2026-01-29 11:00:00,2026-01-29 22:00:00
RNT-10307,NVIDIA A100,Enterprise,Asia-Pacific,Lambda Labs,1,2.65,11,29.15,39.42,2026-09-28 08:00:00,2026-09-28 19:00:00
RNT-10308,NVIDIA RTX 3090,Enterprise,US-West,Lambda Labs,2,0.71,18,25.56,64.6,2026-06-23 17:00:00,2026-06-24 11:00:00
RNT-10309,NVIDIA A100,Enterprise,US-East,GCP,1,3.95,40,158.0,93.74,2026-09-10 20:00:00,2026-09-12 12:00:00
RNT-10310,NVIDIA RTX 4090,Freelancer,US-East,Lambda Labs,1,1.48,11,16.28,85.32,2026-03-01 13:00:00,2026-03-02 00:00:00
RNT-10311,NVIDIA H100,Enterprise,EU-Central,Azure,1,5.73,18,103.14,99.59,2026-04-17 19:00:00,2026-04-18 13:00:00
RNT-10312,NVIDIA H100,Freelancer,EU-Central,AWS,1,5.2,27,140.4,12.03,2026-08-08 03:00:00,2026-08-09 06:00:00
RNT-10313,AMD Instinct MI250,Student,US-West,Azure,8,1.7,8,108.8,20.16,2026-09-16 07:00:00,2026-09-16 15:00:00
RNT-10314,NVIDIA RTX 3090,Student,Asia-Pacific,Lambda Labs,8,0.51,8,32.64,64.85,2026-05-26 07:00:00,2026-05-26 15:00:00
RNT-10315,NVIDIA RTX 4090,Student,US-West,GCP,1,1.2,65,78.0,83.85,2026-02-21 21:00:00,2026-02-24 14:00:00
RNT-10316,NVIDIA RTX 4090,Enterprise,Asia-Pacific,GCP,2,1.06,31,65.72,35.67,2026-03-01 21:00:00,2026-03-03 04:00:00
RNT-10317,NVIDIA A100,Freelancer,US-East,Azure,1,3.22,21,67.62,31.53,2026-02-03 15:00:00,2026-02-04 12:00:00
RNT-10318,NVIDIA A100,Researcher,EU-Central,GCP,2,3.64,25,182.0,80.83,2026-04-06 23:00:00,2026-04-08 00:00:00
RNT-10319,NVIDIA A100,Freelancer,US-West,Lambda Labs,4,2.92,1,11.68,15.07,2026-03-30 09:00:00,2026-03-30 10:00:00
RNT-10320,NVIDIA RTX 4090,Student,US-West,Azure,4,0.95,23,87.4,43.24,2026-11-12 20:00:00,2026-11-13 19:00:00
RNT-10321,NVIDIA RTX 3090,Freelancer,Asia-Pacific,GCP,1,0.77,17,13.09,55.52,2026-08-19 16:00:00,2026-08-20 09:00:00
RNT-10322,NVIDIA RTX 4090,Researcher,Asia-Pacific,AWS,2,0.74,19,28.12,60.43,2026-10-02 00:00:00,2026-10-02 19:00:00
RNT-10323,NVIDIA A100,Student,US-West,AWS,1,3.23,11,35.53,75.58,2026-09-03 17:00:00,2026-09-04 04:00:00
RNT-10324,AMD Instinct MI250,Researcher,Asia-Pacific,Lambda Labs,8,1.91,2,30.56,41.94,2026-04-21 09:00:00,2026-04-21 11:00:00
RNT-10325,NVIDIA RTX 3090,Researcher,US-West,GCP,1,0.64,5,3.2,65.14,2026-08-22 20:00:00,2026-08-23 01:00:00
RNT-10326,NVIDIA RTX 4090,Researcher,US-West,Lambda Labs,2,1.14,72,164.16,62.68,2026-10-05 03:00:00,2026-10-08 03:00:00
RNT-10327,NVIDIA RTX 4090,Researcher,US-West,Azure,2,0.9,13,23.4,59.29,2026-06-15 00:00:00,2026-06-15 13:00:00
RNT-10328,NVIDIA RTX 4090,Freelancer,US-East,AWS,2,0.97,15,29.1,67.64,2026-05-08 03:00:00,2026-05-08 18:00:00
RNT-10329,NVIDIA A100,Enterprise,Asia-Pacific,Azure,1,3.78,1,3.78,33.35,2026-08-25 03:00:00,2026-08-25 04:00:00
RNT-10330,NVIDIA A100,Researcher,EU-Central,GCP,4,3.34,1,13.36,17.62,2026-10-18 03:00:00,2026-10-18 04:00:00
RNT-10331,NVIDIA RTX 3090,Enterprise,EU-Central,Lambda Labs,1,0.61,30,18.3,20.73,2026-04-17 16:00:00,2026-04-18 22:00:00
RNT-10332,NVIDIA H100,Enterprise,Asia-Pacific,Lambda Labs,2,4.2,19,159.6,30.21,2026-05-08 08:00:00,2026-05-09 03:00:00
RNT-10333,NVIDIA H100,Researcher,US-West,Lambda Labs,1,4.03,17,68.51,55.02,2026-07-14 18:00:00,2026-07-15 11:00:00
RNT-10334,NVIDIA H100,Researcher,EU-Central,Azure,1,5.93,7,41.51,85.64,2026-12-05 12:00:00,2026-12-05 19:00:00
RNT-10335,NVIDIA H100,Student,EU-Central,AWS,2,4.75,33,313.5,73.12,2026-05-23 03:00:00,2026-05-24 12:00:00
RNT-10336,NVIDIA RTX 3090,Student,Asia-Pacific,Azure,1,0.64,4,2.56,81.01,2026-04-21 04:00:00,2026-04-21 08:00:00
RNT-10337,NVIDIA RTX 3090,Enterprise,EU-Central,Azure,1,0.43,5,2.15,41.59,2026-03-31 12:00:00,2026-03-31 17:00:00
RNT-10338,NVIDIA RTX 4090,Student,US-West,GCP,1,1.25,15,18.75,46.42,2026-09-08 22:00:00,2026-09-09 13:00:00
RNT-10339,NVIDIA H100,Enterprise,Asia-Pacific,GCP,1,5.87,8,46.96,45.43,2026-10-07 15:00:00,2026-10-07 23:00:00
RNT-10340,NVIDIA RTX 4090,Enterprise,US-West,GCP,2,1.16,7,16.24,27.27,2026-11-29 21:00:00,2026-11-30 04:00:00
RNT-10341,NVIDIA RTX 4090,Student,EU-Central,AWS,4,0.8,25,80.0,15.51,2026-08-12 04:00:00,2026-08-13 05:00:00
RNT-10342,NVIDIA A100,Enterprise,EU-Central,AWS,1,3.37,25,84.25,63.18,2026-04-11 07:00:00,2026-04-12 08:00:00
RNT-10343,NVIDIA RTX 4090,Researcher,US-West,GCP,1,1.31,42,55.02,99.03,2026-05-12 15:00:00,2026-05-14 09:00:00
RNT-10344,NVIDIA A100,Freelancer,US-East,GCP,1,3.11,13,40.43,25.01,2026-01-13 00:00:00,2026-01-13 13:00:00
RNT-10345,NVIDIA RTX 4090,Researcher,EU-Central,AWS,1,1.4,2,2.8,14.2,2026-04-08 22:00:00,2026-04-09 00:00:00
RNT-10346,NVIDIA RTX 4090,Freelancer,US-East,Lambda Labs,2,1.22,8,19.52,80.16,2026-04-30 05:00:00,2026-04-30 13:00:00
RNT-10347,NVIDIA H100,Enterprise,EU-Central,AWS,2,5.8,94,1090.4,32.73,2026-10-20 10:00:00,2026-10-24 08:00:00
RNT-10348,NVIDIA A100,Student,US-East,AWS,1,3.44,22,75.68,84.67,2026-10-31 15:00:00,2026-11-01 13:00:00
RNT-10349,NVIDIA RTX 4090,Enterprise,US-East,AWS,1,0.81,30,24.3,73.35,2026-07-18 04:00:00,2026-07-19 10:00:00
RNT-10350,NVIDIA RTX 4090,Freelancer,US-East,GCP,1,0.95,1,0.95,95.11,2026-01-01 15:00:00,2026-01-01 16:00:00
RNT-10351,NVIDIA RTX 3090,Enterprise,US-West,Lambda Labs,4,0.48,18,34.56,46.8,2026-03-01 06:00:00,2026-03-02 00:00:00
RNT-10352,NVIDIA RTX 4090,Freelancer,US-East,AWS,8,1.43,1,11.44,69.58,2026-09-07 18:00:00,2026-09-07 19:00:00
RNT-10353,NVIDIA A100,Freelancer,US-East,GCP,1,3.64,20,72.8,51.84,2026-05-20 00:00:00,2026-05-20 20:00:00
RNT-10354,NVIDIA H100,Researcher,US-East,Azure,1,5.35,61,326.35,66.75,2026-05-29 08:00:00,2026-05-31 21:00:00
RNT-10355,NVIDIA RTX 4090,Researcher,EU-Central,Azure,4,0.94,83,312.08,50.46,2026-02-13 17:00:00,2026-02-17 04:00:00
RNT-10356,NVIDIA H100,Enterprise,US-East,AWS,4,4.37,19,332.12,26.98,2026-07-05 12:00:00,2026-07-06 07:00:00
RNT-10357,NVIDIA RTX 4090,Researcher,EU-Central,Azure,1,1.31,15,19.65,55.71,2026-04-18 14:00:00,2026-04-19 05:00:00
RNT-10358,AMD Instinct MI250,Freelancer,US-East,Lambda Labs,1,1.47,70,102.9,57.57,2026-02-13 02:00:00,2026-02-16 00:00:00
RNT-10359,NVIDIA RTX 4090,Freelancer,US-East,Azure,1,0.88,27,23.76,82.95,2026-03-19 23:00:00,2026-03-21 02:00:00
RNT-10360,NVIDIA A100,Researcher,US-West,Azure,2,3.42,2,13.68,76.2,2026-08-14 09:00:00,2026-08-14 11:00:00
RNT-10361,NVIDIA RTX 4090,Researcher,EU-Central,Lambda Labs,1,0.73,15,10.95,69.74,2026-06-11 08:00:00,2026-06-11 23:00:00
RNT-10362,NVIDIA RTX 4090,Enterprise,US-East,AWS,1,0.96,7,6.72,20.2,2026-10-08 12:00:00,2026-10-08 19:00:00
RNT-10363,NVIDIA RTX 4090,Researcher,EU-Central,AWS,2,1.07,15,32.1,74.86,2026-09-10 15:00:00,2026-09-11 06:00:00
RNT-10364,AMD Instinct MI250,Freelancer,EU-Central,Lambda Labs,1,1.15,15,17.25,55.03,2026-05-12 02:00:00,2026-05-12 17:00:00
RNT-10365,NVIDIA A100,Researcher,Asia-Pacific,Lambda Labs,2,3.98,21,167.16,90.47,2026-05-24 21:00:00,2026-05-25 18:00:00
RNT-10366,AMD Instinct MI250,Enterprise,US-West,Lambda Labs,1,1.21,11,13.31,92.79,2026-09-23 22:00:00,2026-09-24 09:00:00
RNT-10367,AMD Instinct MI250,Student,US-West,Azure,1,1.13,4,4.52,14.96,2026-04-19 14:00:00,2026-04-19 18:00:00
RNT-10368,NVIDIA A100,Enterprise,US-West,Lambda Labs,2,2.81,17,95.54,83.86,2026-07-13 16:00:00,2026-07-14 09:00:00
RNT-10369,NVIDIA H100,Researcher,Asia-Pacific,GCP,1,5.54,43,238.22,13.39,2026-02-04 13:00:00,2026-02-06 08:00:00
RNT-10370,NVIDIA H100,Enterprise,Asia-Pacific,Azure,8,4.85,26,1008.8,43.05,2026-10-02 06:00:00,2026-10-03 08:00:00
RNT-10371,NVIDIA H100,Student,US-West,AWS,2,5.13,10,102.6,58.81,2026-07-06 19:00:00,2026-07-07 05:00:00
RNT-10372,NVIDIA H100,Enterprise,Asia-Pacific,AWS,1,4.04,66,266.64,23.33,2026-08-31 15:00:00,2026-09-03 09:00:00
RNT-10373,NVIDIA RTX 4090,Freelancer,Asia-Pacific,AWS,2,0.73,58,84.68,77.17,2026-09-21 20:00:00,2026-09-24 06:00:00
RNT-10374,NVIDIA H100,Researcher,Asia-Pacific,Azure,1,4.89,6,29.34,10.75,2026-01-10 07:00:00,2026-01-10 13:00:00
RNT-10375,NVIDIA A100,Student,US-West,GCP,4,3.72,1,14.88,25.17,2026-06-15 03:00:00,2026-06-15 04:00:00
RNT-10376,NVIDIA RTX 3090,Student,US-West,Lambda Labs,1,0.75,32,24.0,62.27,2026-01-29 19:00:00,2026-01-31 03:00:00
RNT-10377,NVIDIA H100,Enterprise,US-West,Lambda Labs,2,4.17,42,350.28,74.29,2026-09-28 23:00:00,2026-09-30 17:00:00
RNT-10378,NVIDIA RTX 3090,Enterprise,Asia-Pacific,AWS,1,0.62,83,51.46,92.5,2026-03-28 14:00:00,2026-04-01 01:00:00
RNT-10379,NVIDIA A100,Enterprise,US-West,AWS,1,3.87,53,205.11,73.49,2026-01-23 04:00:00,2026-01-25 09:00:00
RNT-10380,NVIDIA H100,Researcher,Asia-Pacific,Azure,4,4.78,22,420.64,70.46,2026-07-29 12:00:00,2026-07-30 10:00:00
RNT-10381,NVIDIA RTX 4090,Researcher,US-East,GCP,4,1.36,18,97.92,45.49,2026-02-15 05:00:00,2026-02-15 23:00:00
RNT-10382,NVIDIA RTX 4090,Enterprise,Asia-Pacific,Lambda Labs,1,0.81,1,0.81,10.12,2026-01-28 04:00:00,2026-01-28 05:00:00
RNT-10383,NVIDIA RTX 3090,Researcher,EU-Central,Azure,1,0.77,7,5.39,20.81,2026-01-26 16:00:00,2026-01-26 23:00:00
RNT-10384,NVIDIA RTX 3090,Freelancer,US-West,Lambda Labs,4,0.7,15,42.0,58.11,2026-09-23 06:00:00,2026-09-23 21:00:00
RNT-10385,NVIDIA RTX 3090,Student,US-West,AWS,4,0.78,24,74.88,70.76,2026-06-24 05:00:00,2026-06-25 05:00:00
RNT-10386,NVIDIA A100,Enterprise,EU-Central,Lambda Labs,1,3.51,20,70.2,47.57,2026-01-04 01:00:00,2026-01-04 21:00:00
RNT-10387,NVIDIA A100,Researcher,Asia-Pacific,GCP,1,3.05,33,100.65,75.76,2026-11-07 10:00:00,2026-11-08 19:00:00
RNT-10388,NVIDIA RTX 3090,Researcher,US-East,GCP,1,0.78,8,6.24,56.97,2026-11-18 06:00:00,2026-11-18 14:00:00
RNT-10389,NVIDIA RTX 3090,Enterprise,EU-Central,AWS,4,0.51,20,40.8,16.68,2026-03-08 21:00:00,2026-03-09 17:00:00
RNT-10390,AMD Instinct MI250,Enterprise,EU-Central,GCP,1,1.33,2,2.66,27.28,2026-05-15 20:00:00,2026-05-15 22:00:00
RNT-10391,NVIDIA RTX 4090,Freelancer,Asia-Pacific,GCP,1,1.26,13,16.38,85.6,2026-02-24 07:00:00,2026-02-24 20:00:00
RNT-10392,NVIDIA A100,Student,US-West,Azure,2,3.65,33,240.9,75.24,2026-01-31 04:00:00,2026-02-01 13:00:00
RNT-10393,NVIDIA RTX 3090,Student,Asia-Pacific,Lambda Labs,1,0.77,28,21.56,90.53,2026-03-15 17:00:00,2026-03-16 21:00:00
RNT-10394,NVIDIA A100,Enterprise,EU-Central,AWS,1,2.81,112,314.72,20.58,2026-01-19 21:00:00,2026-01-24 13:00:00
RNT-10395,AMD Instinct MI250,Enterprise,EU-Central,AWS,1,1.8,8,14.4,99.12,2026-06-05 15:00:00,2026-06-05 23:00:00
RNT-10396,NVIDIA RTX 3090,Researcher,US-West,AWS,1,0.7,17,11.9,28.85,2026-12-03 13:00:00,2026-12-04 06:00:00
RNT-10397,NVIDIA RTX 4090,Student,US-West,AWS,1,0.75,10,7.5,11.06,2026-06-05 11:00:00,2026-06-05 21:00:00
RNT-10398,NVIDIA RTX 3090,Student,US-West,AWS,2,0.55,14,15.4,99.77,2026-05-27 16:00:00,2026-05-28 06:00:00
RNT-10399,NVIDIA RTX 3090,Freelancer,Asia-Pacific,GCP,1,0.51,47,23.97,35.3,2026-03-28 04:00:00,2026-03-30 03:00:00
RNT-10400,NVIDIA H100,Student,US-West,Azure,2,4.61,28,258.16,70.12,2026-01-20 13:00:00,2026-01-21 17:00:00
RNT-10401,AMD Instinct MI250,Researcher,EU-Central,AWS,4,1.98,51,403.92,25.9,2026-09-26 05:00:00,2026-09-28 08:00:00
RNT-10402,NVIDIA RTX 4090,Researcher,EU-Central,Azure,2,1.21,5,12.1,62.22,2026-11-29 14:00:00,2026-11-29 19:00:00
RNT-10403,NVIDIA RTX 3090,Researcher,US-East,Azure,1,0.69,50,34.5,91.36,2026-02-12 06:00:00,2026-02-14 08:00:00
RNT-10404,NVIDIA A100,Student,Asia-Pacific,GCP,1,3.96,1,3.96,38.82,2026-11-02 13:00:00,2026-11-02 14:00:00
RNT-10405,NVIDIA RTX 3090,Enterprise,US-East,AWS,1,0.55,53,29.15,70.32,2026-01-28 17:00:00,2026-01-30 22:00:00
RNT-10406,NVIDIA A100,Student,EU-Central,GCP,1,3.7,10,37.0,26.91,2026-09-17 00:00:00,2026-09-17 10:00:00
RNT-10407,NVIDIA H100,Freelancer,US-East,AWS,1,4.87,9,43.83,66.23,2026-01-22 05:00:00,2026-01-22 14:00:00
RNT-10408,AMD Instinct MI250,Researcher,EU-Central,GCP,2,1.87,17,63.58,40.28,2026-04-11 02:00:00,2026-04-11 19:00:00
RNT-10409,NVIDIA H100,Enterprise,US-East,Azure,1,4.36,68,296.48,29.01,2026-02-08 04:00:00,2026-02-11 00:00:00
RNT-10410,NVIDIA A100,Freelancer,US-West,AWS,1,3.92,1,3.92,38.19,2026-10-17 11:00:00,2026-10-17 12:00:00
RNT-10411,AMD Instinct MI250,Enterprise,US-East,Lambda Labs,1,1.22,10,12.2,26.1,2026-12-19 10:00:00,2026-12-19 20:00:00
RNT-10412,AMD Instinct MI250,Enterprise,US-West,Azure,2,1.33,47,125.02,91.17,2026-10-27 12:00:00,2026-10-29 11:00:00
RNT-10413,NVIDIA RTX 4090,Researcher,US-West,Lambda Labs,1,1.3,12,15.6,45.75,2026-06-19 15:00:00,2026-06-20 03:00:00
RNT-10414,NVIDIA RTX 4090,Researcher,Asia-Pacific,Azure,2,1.02,5,10.2,32.08,2026-10-23 17:00:00,2026-10-23 22:00:00
RNT-10415,NVIDIA RTX 4090,Enterprise,US-West,GCP,1,1.19,13,15.47,50.36,2026-12-19 16:00:00,2026-12-20 05:00:00
RNT-10416,NVIDIA A100,Freelancer,US-West,AWS,4,3.17,12,152.16,38.85,2026-05-10 16:00:00,2026-05-11 04:00:00
RNT-10417,NVIDIA A100,Enterprise,US-East,Azure,4,3.61,59,851.96,77.0,2026-06-05 10:00:00,2026-06-07 21:00:00
RNT-10418,NVIDIA RTX 4090,Enterprise,EU-Central,GCP,1,0.88,34,29.92,97.41,2026-03-15 19:00:00,2026-03-17 05:00:00
RNT-10419,NVIDIA RTX 3090,Enterprise,Asia-Pacific,AWS,1,0.42,17,7.14,49.42,2026-12-08 09:00:00,2026-12-09 02:00:00
RNT-10420,NVIDIA RTX 3090,Researcher,US-West,AWS,1,0.52,107,55.64,87.49,2026-03-31 15:00:00,2026-04-05 02:00:00
RNT-10421,NVIDIA RTX 3090,Student,Asia-Pacific,Azure,1,0.59,15,8.85,60.93,2026-03-08 01:00:00,2026-03-08 16:00:00
RNT-10422,NVIDIA H100,Enterprise,US-East,AWS,2,4.34,1,8.68,24.15,2026-08-24 16:00:00,2026-08-24 17:00:00
RNT-10423,NVIDIA RTX 4090,Freelancer,US-West,Azure,4,0.98,7,27.44,72.16,2026-07-19 21:00:00,2026-07-20 04:00:00
RNT-10424,NVIDIA H100,Student,US-East,AWS,2,4.8,14,134.4,56.21,2026-11-28 19:00:00,2026-11-29 09:00:00
RNT-10425,NVIDIA RTX 4090,Enterprise,Asia-Pacific,Lambda Labs,4,0.75,4,12.0,68.55,2026-08-15 09:00:00,2026-08-15 13:00:00
RNT-10426,NVIDIA RTX 4090,Researcher,US-East,GCP,1,1.17,71,83.07,90.07,2026-12-14 12:00:00,2026-12-17 11:00:00
RNT-10427,NVIDIA RTX 3090,Enterprise,Asia-Pacific,Lambda Labs,1,0.75,35,26.25,49.64,2026-08-21 11:00:00,2026-08-22 22:00:00
RNT-10428,NVIDIA A100,Student,US-East,Azure,2,2.73,7,38.22,91.11,2026-09-23 14:00:00,2026-09-23 21:00:00
RNT-10429,NVIDIA H100,Researcher,Asia-Pacific,Lambda Labs,1,5.2,21,109.2,77.56,2026-03-27 06:00:00,2026-03-28 03:00:00
RNT-10430,NVIDIA H100,Enterprise,EU-Central,Azure,2,5.33,31,330.46,53.97,2026-04-12 21:00:00,2026-04-14 04:00:00
RNT-10431,NVIDIA RTX 3090,Researcher,US-East,AWS,1,0.57,68,38.76,64.29,2026-08-02 20:00:00,2026-08-05 16:00:00
RNT-10432,NVIDIA RTX 4090,Enterprise,US-East,AWS,1,1.26,51,64.26,39.3,2026-04-18 12:00:00,2026-04-20 15:00:00
RNT-10433,NVIDIA H100,Enterprise,EU-Central,Azure,8,4.82,17,655.52,98.52,2026-06-14 11:00:00,2026-06-15 04:00:00
RNT-10434,NVIDIA H100,Freelancer,EU-Central,Lambda Labs,1,5.01,36,180.36,70.06,2026-04-01 11:00:00,2026-04-02 23:00:00
RNT-10435,NVIDIA RTX 3090,Researcher,US-East,AWS,8,0.4,20,64.0,13.95,2026-07-11 01:00:00,2026-07-11 21:00:00
RNT-10436,NVIDIA H100,Researcher,EU-Central,GCP,8,5.38,19,817.76,39.4,2026-12-01 04:00:00,2026-12-01 23:00:00
RNT-10437,NVIDIA RTX 3090,Student,US-West,AWS,2,0.66,3,3.96,66.1,2026-03-27 01:00:00,2026-03-27 04:00:00
RNT-10438,NVIDIA RTX 3090,Freelancer,Asia-Pacific,GCP,2,0.42,3,2.52,15.07,2026-08-10 22:00:00,2026-08-11 01:00:00
RNT-10439,NVIDIA H100,Freelancer,Asia-Pacific,Lambda Labs,2,4.74,18,170.64,12.15,2026-12-29 19:00:00,2026-12-30 13:00:00
RNT-10440,NVIDIA H100,Enterprise,Asia-Pacific,GCP,4,5.96,8,190.72,50.5,2026-04-11 12:00:00,2026-04-11 20:00:00
RNT-10441,AMD Instinct MI250,Freelancer,US-West,GCP,1,1.42,1,1.42,39.94,2026-08-14 02:00:00,2026-08-14 03:00:00
RNT-10442,NVIDIA A100,Enterprise,EU-Central,GCP,1,3.25,31,100.75,49.45,2026-12-30 10:00:00,2026-12-31 17:00:00
RNT-10443,NVIDIA A100,Enterprise,EU-Central,GCP,2,3.86,1,7.72,33.64,2026-03-01 15:00:00,2026-03-01 16:00:00
RNT-10444,NVIDIA RTX 3090,Student,US-East,AWS,1,0.69,22,15.18,24.82,2026-09-07 00:00:00,2026-09-07 22:00:00
RNT-10445,AMD Instinct MI250,Enterprise,EU-Central,GCP,1,1.58,19,30.02,72.02,2026-02-17 18:00:00,2026-02-18 13:00:00
RNT-10446,AMD Instinct MI250,Student,US-East,AWS,1,1.8,83,149.4,56.31,2026-04-27 10:00:00,2026-04-30 21:00:00
RNT-10447,NVIDIA RTX 3090,Freelancer,US-West,GCP,2,0.75,16,24.0,28.01,2026-08-15 08:00:00,2026-08-16 00:00:00
RNT-10448,NVIDIA A100,Enterprise,Asia-Pacific,Azure,4,3.19,2,25.52,38.76,2026-12-28 13:00:00,2026-12-28 15:00:00
RNT-10449,NVIDIA H100,Enterprise,Asia-Pacific,Lambda Labs,1,4.95,19,94.05,63.26,2026-02-02 08:00:00,2026-02-03 03:00:00
RNT-10450,NVIDIA RTX 3090,Student,Asia-Pacific,GCP,4,0.55,44,96.8,16.5,2026-02-13 06:00:00,2026-02-15 02:00:00
RNT-10451,NVIDIA RTX 4090,Researcher,EU-Central,Azure,2,1.47,138,405.72,23.27,2026-06-14 15:00:00,2026-06-20 09:00:00
RNT-10452,NVIDIA RTX 4090,Researcher,US-East,GCP,4,1.26,14,70.56,16.59,2026-12-11 02:00:00,2026-12-11 16:00:00
RNT-10453,AMD Instinct MI250,Researcher,US-East,GCP,2,1.08,9,19.44,83.11,2026-10-19 18:00:00,2026-10-20 03:00:00
RNT-10454,NVIDIA H100,Student,US-West,GCP,2,5.73,57,653.22,77.72,2026-12-03 03:00:00,2026-12-05 12:00:00
RNT-10455,NVIDIA RTX 4090,Freelancer,EU-Central,Azure,1,1.08,5,5.4,77.8,2026-12-10 06:00:00,2026-12-10 11:00:00
RNT-10456,NVIDIA H100,Enterprise,US-West,Lambda Labs,4,4.14,23,380.88,74.47,2026-10-14 22:00:00,2026-10-15 21:00:00
RNT-10457,NVIDIA RTX 4090,Researcher,US-East,Azure,1,1.14,12,13.68,70.24,2026-12-30 11:00:00,2026-12-30 23:00:00
RNT-10458,NVIDIA H100,Researcher,US-East,Lambda Labs,4,4.83,1,19.32,52.93,2026-08-13 17:00:00,2026-08-13 18:00:00
RNT-10459,NVIDIA H100,Researcher,Asia-Pacific,GCP,8,5.76,10,460.8,67.81,2026-10-13 04:00:00,2026-10-13 14:00:00
RNT-10460,NVIDIA H100,Enterprise,EU-Central,AWS,1,4.41,7,30.87,13.45,2026-07-23 22:00:00,2026-07-24 05:00:00
RNT-10461,NVIDIA RTX 4090,Enterprise,US-East,GCP,1,1.36,28,38.08,65.93,2026-06-21 22:00:00,2026-06-23 02:00:00
RNT-10462,NVIDIA RTX 3090,Freelancer,Asia-Pacific,Lambda Labs,2,0.62,71,88.04,80.01,2026-01-12 21:00:00,2026-01-15 20:00:00
RNT-10463,NVIDIA RTX 4090,Researcher,EU-Central,Azure,1,0.74,7,5.18,55.03,2026-11-03 09:00:00,2026-11-03 16:00:00
RNT-10464,AMD Instinct MI250,Freelancer,US-West,GCP,4,1.97,40,315.2,42.18,2026-05-01 11:00:00,2026-05-03 03:00:00
RNT-10465,NVIDIA A100,Freelancer,EU-Central,Azure,1,3.27,1,3.27,34.97,2026-09-01 07:00:00,2026-09-01 08:00:00
RNT-10466,NVIDIA A100,Researcher,EU-Central,Azure,1,2.94,19,55.86,67.85,2026-06-01 18:00:00,2026-06-02 13:00:00
RNT-10467,NVIDIA RTX 3090,Freelancer,US-East,Azure,8,0.59,2,9.44,72.35,2026-06-01 14:00:00,2026-06-01 16:00:00
RNT-10468,NVIDIA A100,Student,US-East,GCP,2,3.79,65,492.7,88.39,2026-07-07 00:00:00,2026-07-09 17:00:00
RNT-10469,AMD Instinct MI250,Freelancer,EU-Central,Azure,4,1.3,35,182.0,40.81,2026-01-13 02:00:00,2026-01-14 13:00:00
RNT-10470,NVIDIA H100,Researcher,US-East,Azure,1,4.39,26,114.14,79.28,2026-04-01 17:00:00,2026-04-02 19:00:00
RNT-10471,AMD Instinct MI250,Freelancer,US-East,GCP,2,1.13,42,94.92,60.52,2026-07-19 17:00:00,2026-07-21 11:00:00
RNT-10472,NVIDIA H100,Freelancer,US-East,Azure,2,4.6,25,230.0,89.46,2026-03-15 01:00:00,2026-03-16 02:00:00
RNT-10473,NVIDIA RTX 3090,Freelancer,Asia-Pacific,GCP,2,0.71,83,117.86,57.5,2026-09-13 04:00:00,2026-09-16 15:00:00
RNT-10474,NVIDIA RTX 4090,Enterprise,Asia-Pacific,Lambda Labs,2,1.08,30,64.8,56.59,2026-10-03 00:00:00,2026-10-04 06:00:00
RNT-10475,AMD Instinct MI250,Researcher,EU-Central,Lambda Labs,2,1.23,62,152.52,62.01,2026-11-24 09:00:00,2026-11-26 23:00:00
RNT-10476,NVIDIA H100,Student,US-East,Lambda Labs,1,4.33,17,73.61,77.44,2026-11-25 19:00:00,2026-11-26 12:00:00
RNT-10477,NVIDIA RTX 4090,Researcher,Asia-Pacific,Azure,1,0.97,3,2.91,96.82,2026-03-12 09:00:00,2026-03-12 12:00:00
RNT-10478,AMD Instinct MI250,Student,EU-Central,AWS,2,1.94,18,69.84,16.62,2026-03-19 04:00:00,2026-03-19 22:00:00
RNT-10479,NVIDIA RTX 4090,Enterprise,US-East,AWS,1,0.97,3,2.91,14.81,2026-10-11 17:00:00,2026-10-11 20:00:00
RNT-10480,NVIDIA RTX 4090,Researcher,US-West,Azure,2,1.49,22,65.56,94.38,2026-05-10 20:00:00,2026-05-11 18:00:00
RNT-10481,NVIDIA RTX 4090,Freelancer,US-East,AWS,1,1.09,16,17.44,57.69,2026-02-12 14:00:00,2026-02-13 06:00:00
RNT-10482,NVIDIA RTX 4090,Enterprise,US-East,GCP,2,0.84,23,38.64,65.34,2026-01-08 19:00:00,2026-01-09 18:00:00
RNT-10483,NVIDIA RTX 4090,Freelancer,Asia-Pacific,AWS,2,1.41,1,2.82,53.42,2026-01-13 07:00:00,2026-01-13 08:00:00
RNT-10484,NVIDIA RTX 4090,Student,EU-Central,Azure,1,1.07,5,5.35,18.43,2026-08-01 16:00:00,2026-08-01 21:00:00
RNT-10485,AMD Instinct MI250,Freelancer,EU-Central,Azure,1,1.71,16,27.36,79.13,2026-04-21 11:00:00,2026-04-22 03:00:00
RNT-10486,NVIDIA H100,Freelancer,Asia-Pacific,GCP,1,5.97,72,429.84,77.25,2026-10-18 20:00:00,2026-10-21 20:00:00
RNT-10487,NVIDIA A100,Researcher,US-East,Lambda Labs,2,2.58,12,61.92,38.05,2026-01-23 11:00:00,2026-01-23 23:00:00
RNT-10488,AMD Instinct MI250,Enterprise,US-West,Azure,4,1.1,13,57.2,37.56,2026-10-29 00:00:00,2026-10-29 13:00:00
RNT-10489,NVIDIA RTX 3090,Enterprise,US-East,GCP,1,0.69,30,20.7,85.41,2026-09-11 03:00:00,2026-09-12 09:00:00
RNT-10490,NVIDIA RTX 4090,Student,US-East,AWS,2,0.93,22,40.92,16.51,2026-01-15 07:00:00,2026-01-16 05:00:00
RNT-10491,NVIDIA RTX 4090,Enterprise,US-West,AWS,1,0.85,9,7.65,89.3,2026-05-10 00:00:00,2026-05-10 09:00:00
RNT-10492,NVIDIA A100,Researcher,Asia-Pacific,GCP,1,2.56,13,33.28,33.1,2026-03-02 14:00:00,2026-03-03 03:00:00
RNT-10493,NVIDIA A100,Student,EU-Central,GCP,4,2.53,6,60.72,63.37,2026-04-25 17:00:00,2026-04-25 23:00:00
RNT-10494,NVIDIA RTX 4090,Researcher,Asia-Pacific,Azure,1,1.32,81,106.92,94.24,2026-11-16 00:00:00,2026-11-19 09:00:00
RNT-10495,NVIDIA A100,Student,Asia-Pacific,AWS,1,2.7,3,8.1,71.03,2026-11-04 10:00:00,2026-11-04 13:00:00
RNT-10496,NVIDIA RTX 4090,Student,US-East,GCP,1,1.07,11,11.77,47.3,2026-11-21 22:00:00,2026-11-22 09:00:00
RNT-10497,NVIDIA H100,Student,EU-Central,AWS,1,5.21,1,5.21,72.06,2026-03-08 01:00:00,2026-03-08 02:00:00
RNT-10498,AMD Instinct MI250,Freelancer,EU-Central,GCP,1,1.43,6,8.58,40.96,2026-09-06 00:00:00,2026-09-06 06:00:00
RNT-10499,AMD Instinct MI250,Enterprise,Asia-Pacific,AWS,1,1.03,36,37.08,34.95,2026-06-24 11:00:00,2026-06-25 23:00:00
RNT-10500,NVIDIA RTX 4090,Freelancer,US-West,Lambda Labs,2,1.33,5,13.3,99.7,2026-12-05 15:00:00,2026-12-05 20:00:00
RNT-10501,NVIDIA RTX 4090,Researcher,Asia-Pacific,Azure,1,0.71,2,1.42,77.57,2026-01-02 21:00:00,2026-01-02 23:00:00
RNT-10502,NVIDIA A100,Researcher,US-West,AWS,2,3.64,15,109.2,68.02,2026-06-21 21:00:00,2026-06-22 12:00:00
RNT-10503,NVIDIA RTX 3090,Enterprise,EU-Central,Lambda Labs,1,0.76,1,0.76,41.98,2026-11-30 09:00:00,2026-11-30 10:00:00
RNT-10504,NVIDIA RTX 4090,Researcher,Asia-Pacific,AWS,1,1.05,2,2.1,14.42,2026-10-11 17:00:00,2026-10-11 19:00:00
RNT-10505,NVIDIA A100,Student,US-East,AWS,2,3.3,40,264.0,12.8,2026-02-23 14:00:00,2026-02-25 06:00:00
RNT-10506,AMD Instinct MI250,Enterprise,Asia-Pacific,Lambda Labs,8,1.48,35,414.4,59.88,2026-03-08 16:00:00,2026-03-10 03:00:00
RNT-10507,NVIDIA RTX 3090,Researcher,EU-Central,AWS,1,0.56,59,33.04,78.58,2026-04-12 09:00:00,2026-04-14 20:00:00
RNT-10508,AMD Instinct MI250,Enterprise,US-East,AWS,4,1.89,46,347.76,58.36,2026-04-30 02:00:00,2026-05-02 00:00:00
RNT-10509,NVIDIA RTX 3090,Enterprise,US-East,Azure,2,0.76,28,42.56,85.67,2026-07-10 20:00:00,2026-07-12 00:00:00
RNT-10510,NVIDIA RTX 4090,Student,US-West,Lambda Labs,2,0.97,1,1.94,13.01,2026-10-31 15:00:00,2026-10-31 16:00:00
RNT-10511,NVIDIA RTX 4090,Student,US-East,Lambda Labs,2,1.19,37,88.06,43.01,2026-02-16 05:00:00,2026-02-17 18:00:00
RNT-10512,AMD Instinct MI250,Enterprise,US-East,GCP,1,1.93,45,86.85,31.34,2026-08-10 02:00:00,2026-08-11 23:00:00
RNT-10513,NVIDIA RTX 3090,Researcher,Asia-Pacific,AWS,1,0.78,39,30.42,50.25,2026-01-21 08:00:00,2026-01-22 23:00:00
RNT-10514,NVIDIA H100,Student,EU-Central,Azure,2,5.02,17,170.68,16.51,2026-06-07 10:00:00,2026-06-08 03:00:00
RNT-10515,NVIDIA H100,Freelancer,US-West,AWS,1,4.91,6,29.46,95.87,2026-12-14 20:00:00,2026-12-15 02:00:00
RNT-10516,NVIDIA A100,Student,Asia-Pacific,AWS,4,2.92,45,525.6,30.09,2026-06-08 12:00:00,2026-06-10 09:00:00
RNT-10517,NVIDIA RTX 3090,Enterprise,US-East,GCP,1,0.78,31,24.18,93.01,2026-08-23 17:00:00,2026-08-25 00:00:00
RNT-10518,AMD Instinct MI250,Freelancer,US-East,AWS,1,1.14,95,108.3,48.33,2026-05-30 21:00:00,2026-06-03 20:00:00
RNT-10519,NVIDIA A100,Researcher,US-West,Azure,2,3.37,4,26.96,98.7,2026-09-14 23:00:00,2026-09-15 03:00:00
RNT-10520,NVIDIA RTX 4090,Student,EU-Central,Azure,1,0.93,6,5.58,59.87,2026-06-14 21:00:00,2026-06-15 03:00:00
RNT-10521,NVIDIA A100,Student,US-West,GCP,2,2.92,6,35.04,93.77,2026-03-18 03:00:00,2026-03-18 09:00:00
RNT-10522,AMD Instinct MI250,Researcher,Asia-Pacific,AWS,2,1.4,38,106.4,10.48,2026-03-26 21:00:00,2026-03-28 11:00:00
RNT-10523,NVIDIA RTX 3090,Student,US-West,Azure,4,0.8,5,16.0,77.34,2026-02-15 23:00:00,2026-02-16 04:00:00
RNT-10524,NVIDIA RTX 3090,Enterprise,US-East,AWS,2,0.42,2,1.68,91.27,2026-02-16 07:00:00,2026-02-16 09:00:00
RNT-10525,NVIDIA RTX 4090,Student,Asia-Pacific,AWS,2,1.16,157,364.24,22.57,2026-08-01 12:00:00,2026-08-08 01:00:00
RNT-10526,NVIDIA RTX 4090,Enterprise,US-East,AWS,2,0.77,1,1.54,18.65,2026-02-28 09:00:00,2026-02-28 10:00:00
RNT-10527,NVIDIA A100,Freelancer,EU-Central,GCP,4,2.73,43,469.56,48.21,2026-02-23 01:00:00,2026-02-24 20:00:00
RNT-10528,NVIDIA H100,Freelancer,US-East,AWS,1,4.88,11,53.68,94.03,2026-12-08 07:00:00,2026-12-08 18:00:00
RNT-10529,NVIDIA RTX 3090,Enterprise,US-East,Azure,1,0.6,44,26.4,58.81,2026-01-12 05:00:00,2026-01-14 01:00:00
RNT-10530,NVIDIA RTX 3090,Researcher,US-West,AWS,1,0.5,19,9.5,57.47,2026-07-11 15:00:00,2026-07-12 10:00:00
RNT-10531,AMD Instinct MI250,Enterprise,US-East,Azure,1,1.32,56,73.92,22.7,2026-01-06 17:00:00,2026-01-09 01:00:00
RNT-10532,AMD Instinct MI250,Enterprise,Asia-Pacific,AWS,2,1.09,63,137.34,10.07,2026-11-05 16:00:00,2026-11-08 07:00:00
RNT-10533,NVIDIA RTX 4090,Researcher,Asia-Pacific,Azure,2,0.94,1,1.88,82.91,2026-05-24 05:00:00,2026-05-24 06:00:00
RNT-10534,NVIDIA RTX 3090,Student,EU-Central,Azure,2,0.79,2,3.16,17.88,2026-12-12 12:00:00,2026-12-12 14:00:00
RNT-10535,AMD Instinct MI250,Freelancer,Asia-Pacific,AWS,1,1.94,7,13.58,67.05,2026-09-18 22:00:00,2026-09-19 05:00:00
RNT-10536,NVIDIA RTX 3090,Researcher,US-West,AWS,2,0.53,27,28.62,92.32,2026-03-14 13:00:00,2026-03-15 16:00:00
RNT-10537,NVIDIA A100,Student,EU-Central,Azure,1,3.36,53,178.08,28.78,2026-06-23 20:00:00,2026-06-26 01:00:00
RNT-10538,NVIDIA RTX 4090,Researcher,Asia-Pacific,Lambda Labs,2,1.43,15,42.9,69.87,2026-08-20 09:00:00,2026-08-21 00:00:00
RNT-10539,NVIDIA H100,Researcher,US-West,GCP,2,4.01,22,176.44,17.08,2026-09-27 23:00:00,2026-09-28 21:00:00
RNT-10540,AMD Instinct MI250,Freelancer,Asia-Pacific,Lambda Labs,1,1.81,5,9.05,64.34,2026-12-28 10:00:00,2026-12-28 15:00:00
RNT-10541,NVIDIA RTX 4090,Enterprise,Asia-Pacific,Lambda Labs,1,1.46,39,56.94,24.75,2026-08-10 12:00:00,2026-08-12 03:00:00
RNT-10542,NVIDIA A100,Enterprise,US-East,AWS,1,2.64,82,216.48,76.24,2026-02-21 11:00:00,2026-02-24 21:00:00
RNT-10543,NVIDIA RTX 4090,Student,Asia-Pacific,GCP,4,0.83,8,26.56,37.11,2026-04-26 08:00:00,2026-04-26 16:00:00
RNT-10544,NVIDIA RTX 4090,Researcher,Asia-Pacific,Lambda Labs,4,1.47,16,94.08,51.71,2026-01-26 03:00:00,2026-01-26 19:00:00
RNT-10545,NVIDIA A100,Researcher,US-West,AWS,2,3.31,2,13.24,63.95,2026-02-22 06:00:00,2026-02-22 08:00:00
RNT-10546,NVIDIA H100,Student,US-West,Lambda Labs,1,4.03,20,80.6,25.41,2026-01-29 23:00:00,2026-01-30 19:00:00
RNT-10547,NVIDIA RTX 4090,Researcher,US-East,Lambda Labs,1,0.91,17,15.47,76.75,2026-01-19 21:00:00,2026-01-20 14:00:00
RNT-10548,NVIDIA RTX 4090,Enterprise,Asia-Pacific,AWS,2,1.06,4,8.48,37.24,2026-10-30 01:00:00,2026-10-30 05:00:00
RNT-10549,NVIDIA RTX 3090,Student,US-East,AWS,2,0.68,14,19.04,69.61,2026-10-06 06:00:00,2026-10-06 20:00:00
RNT-10550,NVIDIA RTX 4090,Enterprise,Asia-Pacific,AWS,1,1.29,10,12.9,24.25,2026-04-27 08:00:00,2026-04-27 18:00:00
RNT-10551,NVIDIA RTX 3090,Researcher,EU-Central,GCP,1,0.8,18,14.4,71.93,2026-04-16 04:00:00,2026-04-16 22:00:00
RNT-10552,NVIDIA RTX 4090,Student,EU-Central,Lambda Labs,2,0.93,21,39.06,21.54,2026-11-05 14:00:00,2026-11-06 11:00:00
RNT-10553,NVIDIA RTX 4090,Researcher,US-East,AWS,1,1.13,1,1.13,48.28,2026-08-15 17:00:00,2026-08-15 18:00:00
RNT-10554,NVIDIA RTX 3090,Freelancer,US-East,Azure,1,0.61,34,20.74,32.25,2026-12-18 03:00:00,2026-12-19 13:00:00
RNT-10555,NVIDIA RTX 4090,Freelancer,US-East,Lambda Labs,1,1.02,30,30.6,77.35,2026-07-05 18:00:00,2026-07-07 00:00:00
RNT-10556,NVIDIA H100,Freelancer,US-West,Azure,2,4.34,11,95.48,33.58,2026-09-18 19:00:00,2026-09-19 06:00:00
RNT-10557,NVIDIA H100,Researcher,US-West,GCP,4,5.95,1,23.8,89.35,2026-01-16 06:00:00,2026-01-16 07:00:00
RNT-10558,NVIDIA RTX 3090,Student,US-West,AWS,8,0.74,34,201.28,90.26,2026-09-30 07:00:00,2026-10-01 17:00:00
RNT-10559,NVIDIA RTX 4090,Enterprise,US-East,Azure,2,1.1,75,165.0,27.68,2026-06-09 16:00:00,2026-06-12 19:00:00
RNT-10560,NVIDIA RTX 3090,Researcher,Asia-Pacific,GCP,2,0.64,7,8.96,65.25,2026-12-24 12:00:00,2026-12-24 19:00:00
RNT-10561,NVIDIA A100,Freelancer,EU-Central,AWS,1,2.84,9,25.56,17.89,2026-09-07 23:00:00,2026-09-08 08:00:00
RNT-10562,NVIDIA H100,Student,US-East,Azure,2,5.09,5,50.9,45.24,2026-08-12 20:00:00,2026-08-13 01:00:00
RNT-10563,NVIDIA H100,Researcher,US-West,Azure,1,5.39,21,113.19,74.2,2026-09-13 22:00:00,2026-09-14 19:00:00
RNT-10564,NVIDIA A100,Student,US-West,GCP,2,3.27,4,26.16,69.35,2026-06-29 10:00:00,2026-06-29 14:00:00
RNT-10565,NVIDIA RTX 4090,Researcher,US-East,AWS,1,1.49,11,16.39,66.22,2026-01-20 00:00:00,2026-01-20 11:00:00
RNT-10566,NVIDIA A100,Enterprise,US-East,AWS,1,3.42,29,99.18,35.43,2026-04-22 01:00:00,2026-04-23 06:00:00
RNT-10567,NVIDIA RTX 4090,Researcher,US-West,Azure,1,1.0,20,20.0,44.02,2026-04-30 16:00:00,2026-05-01 12:00:00
RNT-10568,AMD Instinct MI250,Researcher,Asia-Pacific,Azure,1,1.77,12,21.24,19.27,2026-07-13 04:00:00,2026-07-13 16:00:00
RNT-10569,NVIDIA A100,Researcher,US-West,Azure,1,2.76,13,35.88,74.71,2026-04-21 05:00:00,2026-04-21 18:00:00
RNT-10570,NVIDIA RTX 4090,Researcher,US-West,AWS,1,1.01,20,20.2,55.35,2026-07-29 23:00:00,2026-07-30 19:00:00
RNT-10571,NVIDIA RTX 3090,Enterprise,US-East,GCP,8,0.54,1,4.32,73.79,2026-01-01 06:00:00,2026-01-01 07:00:00
RNT-10572,NVIDIA A100,Freelancer,Asia-Pacific,GCP,1,3.15,2,6.3,32.4,2026-02-27 20:00:00,2026-02-27 22:00:00
RNT-10573,NVIDIA RTX 4090,Freelancer,US-West,AWS,2,1.33,51,135.66,39.2,2026-04-03 14:00:00,2026-04-05 17:00:00
RNT-10574,NVIDIA RTX 3090,Enterprise,US-West,Lambda Labs,4,0.59,2,4.72,40.08,2026-08-09 18:00:00,2026-08-09 20:00:00
RNT-10575,AMD Instinct MI250,Researcher,EU-Central,GCP,8,1.79,29,415.28,12.32,2026-07-30 15:00:00,2026-07-31 20:00:00
RNT-10576,NVIDIA H100,Enterprise,US-East,Azure,2,5.15,61,628.3,40.69,2026-08-20 12:00:00,2026-08-23 01:00:00
RNT-10577,AMD Instinct MI250,Researcher,EU-Central,Lambda Labs,4,1.34,8,42.88,82.3,2026-09-19 04:00:00,2026-09-19 12:00:00
RNT-10578,NVIDIA RTX 4090,Researcher,EU-Central,Lambda Labs,1,1.35,11,14.85,90.76,2026-12-30 02:00:00,2026-12-30 13:00:00
RNT-10579,NVIDIA A100,Freelancer,US-West,GCP,1,2.86,20,57.2,56.64,2026-04-13 02:00:00,2026-04-13 22:00:00
RNT-10580,NVIDIA RTX 4090,Student,US-East,Lambda Labs,1,0.88,51,44.88,51.0,2026-02-19 18:00:00,2026-02-21 21:00:00
RNT-10581,AMD Instinct MI250,Freelancer,Asia-Pacific,Lambda Labs,2,1.5,68,204.0,12.77,2026-04-20 13:00:00,2026-04-23 09:00:00
RNT-10582,NVIDIA RTX 4090,Researcher,US-West,GCP,2,0.91,32,58.24,89.13,2026-03-29 15:00:00,2026-03-30 23:00:00
RNT-10583,NVIDIA A100,Enterprise,Asia-Pacific,GCP,1,2.51,2,5.02,11.17,2026-01-20 21:00:00,2026-01-20 23:00:00
RNT-10584,NVIDIA RTX 4090,Enterprise,Asia-Pacific,Lambda Labs,1,1.22,27,32.94,95.03,2026-01-14 16:00:00,2026-01-15 19:00:00
RNT-10585,NVIDIA A100,Freelancer,US-East,Azure,2,3.27,13,85.02,54.03,2026-05-13 03:00:00,2026-05-13 16:00:00
RNT-10586,NVIDIA H100,Enterprise,EU-Central,AWS,1,4.89,15,73.35,40.77,2026-10-23 12:00:00,2026-10-24 03:00:00
RNT-10587,NVIDIA H100,Enterprise,US-East,Lambda Labs,2,5.93,1,11.86,93.18,2026-02-03 07:00:00,2026-02-03 08:00:00
RNT-10588,NVIDIA H100,Student,Asia-Pacific,Lambda Labs,2,5.14,5,51.4,12.2,2026-07-27 18:00:00,2026-07-27 23:00:00
RNT-10589,NVIDIA A100,Enterprise,US-West,Azure,2,3.8,38,288.8,62.33,2026-10-28 04:00:00,2026-10-29 18:00:00
RNT-10590,NVIDIA H100,Student,Asia-Pacific,Lambda Labs,2,4.28,15,128.4,59.4,2026-07-18 01:00:00,2026-07-18 16:00:00
RNT-10591,NVIDIA RTX 4090,Enterprise,US-West,Lambda Labs,4,1.16,9,41.76,29.74,2026-03-21 14:00:00,2026-03-21 23:00:00
RNT-10592,NVIDIA A100,Enterprise,US-West,AWS,1,3.8,12,45.6,48.6,2026-03-12 01:00:00,2026-03-12 13:00:00
RNT-10593,NVIDIA A100,Enterprise,US-East,AWS,2,3.37,46,310.04,68.7,2026-06-04 10:00:00,2026-06-06 08:00:00
RNT-10594,NVIDIA RTX 3090,Student,Asia-Pacific,AWS,2,0.69,33,45.54,75.44,2026-03-19 12:00:00,2026-03-20 21:00:00
RNT-10595,NVIDIA RTX 4090,Student,EU-Central,GCP,1,1.0,8,8.0,10.06,2026-03-19 22:00:00,2026-03-20 06:00:00
RNT-10596,NVIDIA RTX 4090,Enterprise,Asia-Pacific,GCP,1,0.77,3,2.31,94.32,2026-06-21 09:00:00,2026-06-21 12:00:00
RNT-10597,NVIDIA A100,Student,Asia-Pacific,AWS,1,3.19,7,22.33,24.81,2026-10-16 02:00:00,2026-10-16 09:00:00
RNT-10598,NVIDIA A100,Student,EU-Central,AWS,1,3.09,61,188.49,31.02,2026-02-02 04:00:00,2026-02-04 17:00:00
RNT-10599,NVIDIA H100,Student,US-East,GCP,2,5.73,21,240.66,33.71,2026-10-27 02:00:00,2026-10-27 23:00:00
RNT-10600,NVIDIA A100,Freelancer,Asia-Pacific,Azure,4,2.87,18,206.64,13.4,2026-10-03 05:00:00,2026-10-03 23:00:00
RNT-10601,NVIDIA A100,Enterprise,Asia-Pacific,Lambda Labs,1,3.95,22,86.9,21.07,2026-01-07 12:00:00,2026-01-08 10:00:00
RNT-10602,NVIDIA A100,Researcher,US-West,Lambda Labs,1,3.94,11,43.34,98.77,2026-06-09 09:00:00,2026-06-09 20:00:00
RNT-10603,NVIDIA H100,Researcher,Asia-Pacific,AWS,8,4.5,39,1404.0,38.37,2026-08-28 18:00:00,2026-08-30 09:00:00
RNT-10604,NVIDIA H100,Researcher,EU-Central,Azure,1,4.7,18,84.6,20.38,2026-01-24 07:00:00,2026-01-25 01:00:00
RNT-10605,NVIDIA RTX 4090,Enterprise,US-West,GCP,1,1.42,3,4.26,19.63,2026-08-02 17:00:00,2026-08-02 20:00:00
RNT-10606,NVIDIA A100,Enterprise,US-East,AWS,2,3.95,3,23.7,74.75,2026-03-11 02:00:00,2026-03-11 05:00:00
RNT-10607,NVIDIA A100,Student,US-West,Azure,2,3.17,18,114.12,86.91,2026-08-04 23:00:00,2026-08-05 17:00:00
RNT-10608,NVIDIA RTX 4090,Student,EU-Central,Azure,1,0.96,66,63.36,33.13,2026-04-14 23:00:00,2026-04-17 17:00:00
RNT-10609,NVIDIA RTX 4090,Student,EU-Central,Azure,1,1.12,9,10.08,11.88,2026-08-03 16:00:00,2026-08-04 01:00:00
RNT-10610,NVIDIA H100,Enterprise,US-West,GCP,1,5.38,49,263.62,30.08,2026-02-23 07:00:00,2026-02-25 08:00:00
RNT-10611,NVIDIA RTX 3090,Enterprise,US-East,GCP,2,0.51,35,35.7,15.09,2026-10-21 09:00:00,2026-10-22 20:00:00
RNT-10612,NVIDIA RTX 4090,Researcher,US-West,Lambda Labs,2,1.29,7,18.06,19.31,2026-11-26 01:00:00,2026-11-26 08:00:00
RNT-10613,NVIDIA H100,Student,US-East,Lambda Labs,1,4.1,1,4.1,48.84,2026-12-02 11:00:00,2026-12-02 12:00:00
RNT-10614,NVIDIA RTX 3090,Student,US-West,Azure,2,0.42,3,2.52,30.69,2026-07-22 22:00:00,2026-07-23 01:00:00
RNT-10615,AMD Instinct MI250,Freelancer,EU-Central,Azure,4,1.39,31,172.36,56.44,2026-10-15 05:00:00,2026-10-16 12:00:00
RNT-10616,NVIDIA H100,Researcher,Asia-Pacific,GCP,1,4.71,5,23.55,32.81,2026-02-14 01:00:00,2026-02-14 06:00:00
RNT-10617,NVIDIA A100,Enterprise,Asia-Pacific,Lambda Labs,1,2.97,11,32.67,94.65,2026-11-13 20:00:00,2026-11-14 07:00:00
RNT-10618,NVIDIA RTX 3090,Enterprise,US-East,Azure,2,0.6,17,20.4,91.53,2026-07-17 22:00:00,2026-07-18 15:00:00
RNT-10619,NVIDIA RTX 3090,Researcher,US-East,Lambda Labs,1,0.53,31,16.43,61.01,2026-08-04 23:00:00,2026-08-06 06:00:00
RNT-10620,NVIDIA A100,Researcher,US-East,Lambda Labs,1,2.79,3,8.37,41.9,2026-11-05 02:00:00,2026-11-05 05:00:00
RNT-10621,NVIDIA A100,Student,EU-Central,Azure,2,2.96,13,76.96,44.3,2026-11-28 16:00:00,2026-11-29 05:00:00
RNT-10622,NVIDIA A100,Enterprise,US-West,GCP,4,3.96,16,253.44,47.07,2026-07-03 06:00:00,2026-07-03 22:00:00
RNT-10623,NVIDIA RTX 4090,Enterprise,EU-Central,Azure,4,1.03,19,78.28,75.48,2026-01-27 20:00:00,2026-01-28 15:00:00
RNT-10624,NVIDIA RTX 4090,Enterprise,Asia-Pacific,Azure,2,1.06,41,86.92,50.65,2026-06-15 04:00:00,2026-06-16 21:00:00
RNT-10625,NVIDIA A100,Enterprise,US-East,Lambda Labs,2,3.36,5,33.6,87.11,2026-11-14 22:00:00,2026-11-15 03:00:00
RNT-10626,NVIDIA RTX 4090,Student,US-West,Azure,1,1.49,40,59.6,94.97,2026-10-01 00:00:00,2026-10-02 16:00:00
RNT-10627,NVIDIA RTX 3090,Freelancer,Asia-Pacific,GCP,2,0.5,28,28.0,40.24,2026-04-13 07:00:00,2026-04-14 11:00:00
RNT-10628,NVIDIA H100,Enterprise,Asia-Pacific,Azure,1,5.36,19,101.84,60.46,2026-11-29 11:00:00,2026-11-30 06:00:00
RNT-10629,NVIDIA A100,Researcher,Asia-Pacific,GCP,1,3.57,29,103.53,18.56,2026-04-14 13:00:00,2026-04-15 18:00:00
RNT-10630,NVIDIA RTX 3090,Freelancer,EU-Central,GCP,2,0.64,13,16.64,28.04,2026-09-02 15:00:00,2026-09-03 04:00:00
RNT-10631,NVIDIA RTX 3090,Enterprise,US-East,Lambda Labs,2,0.44,4,3.52,47.21,2026-11-01 09:00:00,2026-11-01 13:00:00
RNT-10632,NVIDIA RTX 4090,Enterprise,Asia-Pacific,AWS,1,1.24,26,32.24,28.56,2026-06-18 14:00:00,2026-06-19 16:00:00
RNT-10633,NVIDIA RTX 4090,Enterprise,US-East,AWS,4,0.75,18,54.0,88.89,2026-04-26 20:00:00,2026-04-27 14:00:00
RNT-10634,NVIDIA H100,Freelancer,EU-Central,Lambda Labs,1,5.19,24,124.56,24.25,2026-05-21 23:00:00,2026-05-22 23:00:00
RNT-10635,NVIDIA RTX 4090,Enterprise,Asia-Pacific,Azure,1,1.29,10,12.9,51.01,2026-12-22 14:00:00,2026-12-23 00:00:00
RNT-10636,NVIDIA RTX 4090,Student,EU-Central,Lambda Labs,1,0.87,57,49.59,64.51,2026-05-05 09:00:00,2026-05-07 18:00:00
RNT-10637,NVIDIA A100,Researcher,EU-Central,GCP,2,3.76,21,157.92,72.27,2026-01-25 20:00:00,2026-01-26 17:00:00
RNT-10638,NVIDIA A100,Freelancer,US-East,AWS,2,2.55,2,10.2,44.48,2026-07-13 06:00:00,2026-07-13 08:00:00
RNT-10639,NVIDIA A100,Researcher,Asia-Pacific,Lambda Labs,1,3.77,14,52.78,88.22,2026-04-10 02:00:00,2026-04-10 16:00:00
RNT-10640,NVIDIA H100,Researcher,EU-Central,Azure,2,4.92,34,334.56,61.15,2026-01-05 01:00:00,2026-01-06 11:00:00
RNT-10641,NVIDIA A100,Researcher,Asia-Pacific,Lambda Labs,1,2.83,38,107.54,49.56,2026-01-19 05:00:00,2026-01-20 19:00:00
RNT-10642,NVIDIA A100,Researcher,US-East,AWS,2,2.7,16,86.4,16.05,2026-06-19 20:00:00,2026-06-20 12:00:00
RNT-10643,NVIDIA A100,Enterprise,EU-Central,Lambda Labs,1,3.93,54,212.22,51.82,2026-10-01 08:00:00,2026-10-03 14:00:00
RNT-10644,NVIDIA H100,Freelancer,US-East,Lambda Labs,1,4.15,7,29.05,83.87,2026-09-11 09:00:00,2026-09-11 16:00:00
RNT-10645,NVIDIA RTX 3090,Researcher,Asia-Pacific,AWS,4,0.48,13,24.96,65.31,2026-05-01 03:00:00,2026-05-01 16:00:00
RNT-10646,NVIDIA RTX 4090,Student,Asia-Pacific,GCP,1,0.98,55,53.9,84.89,2026-02-01 02:00:00,2026-02-03 09:00:00
RNT-10647,NVIDIA RTX 4090,Student,US-East,GCP,1,1.2,54,64.8,54.46,2026-05-29 08:00:00,2026-05-31 14:00:00
RNT-10648,NVIDIA RTX 3090,Freelancer,US-West,AWS,2,0.62,28,34.72,20.66,2026-09-23 23:00:00,2026-09-25 03:00:00
RNT-10649,NVIDIA RTX 4090,Enterprise,EU-Central,Lambda Labs,8,0.8,47,300.8,11.23,2026-02-06 21:00:00,2026-02-08 20:00:00
RNT-10650,NVIDIA H100,Researcher,Asia-Pacific,AWS,1,4.58,2,9.16,37.29,2026-06-26 16:00:00,2026-06-26 18:00:00
RNT-10651,NVIDIA RTX 4090,Freelancer,Asia-Pacific,GCP,1,0.89,48,42.72,72.82,2026-12-08 13:00:00,2026-12-10 13:00:00
RNT-10652,NVIDIA RTX 4090,Freelancer,EU-Central,Azure,1,0.87,9,7.83,81.12,2026-01-13 09:00:00,2026-01-13 18:00:00
RNT-10653,NVIDIA RTX 3090,Freelancer,US-East,Lambda Labs,2,0.56,5,5.6,36.62,2026-07-02 12:00:00,2026-07-02 17:00:00
RNT-10654,NVIDIA RTX 4090,Freelancer,US-East,GCP,1,1.26,7,8.82,54.61,2026-05-25 11:00:00,2026-05-25 18:00:00
RNT-10655,NVIDIA H100,Researcher,US-East,Lambda Labs,2,4.43,13,115.18,47.9,2026-09-22 00:00:00,2026-09-22 13:00:00
RNT-10656,NVIDIA A100,Enterprise,US-West,AWS,8,3.05,7,170.8,46.95,2026-03-29 21:00:00,2026-03-30 04:00:00
RNT-10657,NVIDIA A100,Researcher,US-West,Azure,1,3.09,9,27.81,30.82,2026-02-15 18:00:00,2026-02-16 03:00:00
RNT-10658,NVIDIA RTX 4090,Freelancer,Asia-Pacific,AWS,1,1.48,3,4.44,22.27,2026-04-29 18:00:00,2026-04-29 21:00:00
RNT-10659,NVIDIA RTX 4090,Enterprise,US-East,Azure,1,1.46,8,11.68,27.7,2026-01-19 05:00:00,2026-01-19 13:00:00
RNT-10660,NVIDIA A100,Enterprise,EU-Central,Lambda Labs,1,3.7,20,74.0,14.98,2026-08-08 12:00:00,2026-08-09 08:00:00
RNT-10661,AMD Instinct MI250,Enterprise,Asia-Pacific,Lambda Labs,4,1.24,14,69.44,27.83,2026-08-21 18:00:00,2026-08-22 08:00:00
RNT-10662,NVIDIA RTX 4090,Student,EU-Central,AWS,1,0.75,10,7.5,10.83,2026-04-04 12:00:00,2026-04-04 22:00:00
RNT-10663,NVIDIA A100,Enterprise,Asia-Pacific,Azure,1,2.98,33,98.34,66.45,2026-09-08 21:00:00,2026-09-10 06:00:00
RNT-10664,NVIDIA H100,Freelancer,US-West,Azure,2,4.53,54,489.24,38.47,2026-09-07 20:00:00,2026-09-10 02:00:00
RNT-10665,NVIDIA A100,Freelancer,Asia-Pacific,Lambda Labs,1,3.26,34,110.84,97.58,2026-10-09 03:00:00,2026-10-10 13:00:00
RNT-10666,NVIDIA A100,Student,US-West,AWS,2,3.67,10,73.4,27.43,2026-08-20 23:00:00,2026-08-21 09:00:00
RNT-10667,NVIDIA A100,Student,Asia-Pacific,Azure,1,3.79,33,125.07,41.12,2026-02-15 01:00:00,2026-02-16 10:00:00
RNT-10668,NVIDIA A100,Student,US-East,Lambda Labs,4,3.77,4,60.32,42.21,2026-02-15 14:00:00,2026-02-15 18:00:00
RNT-10669,NVIDIA A100,Enterprise,EU-Central,GCP,4,3.04,3,36.48,10.76,2026-01-14 11:00:00,2026-01-14 14:00:00
RNT-10670,NVIDIA A100,Freelancer,US-East,AWS,2,3.53,10,70.6,85.53,2026-03-26 06:00:00,2026-03-26 16:00:00
RNT-10671,NVIDIA RTX 3090,Researcher,Asia-Pacific,GCP,8,0.53,40,169.6,12.88,2026-11-15 19:00:00,2026-11-17 11:00:00
RNT-10672,NVIDIA H100,Enterprise,Asia-Pacific,AWS,1,4.12,7,28.84,94.62,2026-11-24 17:00:00,2026-11-25 00:00:00
RNT-10673,NVIDIA RTX 4090,Freelancer,Asia-Pacific,Lambda Labs,1,1.26,2,2.52,90.29,2026-01-03 22:00:00,2026-01-04 00:00:00
RNT-10674,NVIDIA RTX 4090,Enterprise,US-West,Azure,2,0.71,3,4.26,58.2,2026-01-28 12:00:00,2026-01-28 15:00:00
RNT-10675,AMD Instinct MI250,Enterprise,EU-Central,Azure,2,1.41,47,132.54,58.92,2026-06-06 16:00:00,2026-06-08 15:00:00
RNT-10676,NVIDIA H100,Enterprise,EU-Central,Azure,1,4.66,24,111.84,68.84,2026-12-09 03:00:00,2026-12-10 03:00:00
RNT-10677,NVIDIA A100,Enterprise,Asia-Pacific,AWS,1,3.54,7,24.78,44.83,2026-11-29 13:00:00,2026-11-29 20:00:00
RNT-10678,AMD Instinct MI250,Researcher,Asia-Pacific,Lambda Labs,1,1.77,19,33.63,68.25,2026-11-28 19:00:00,2026-11-29 14:00:00
RNT-10679,NVIDIA RTX 3090,Enterprise,US-West,GCP,1,0.52,18,9.36,14.03,2026-06-24 12:00:00,2026-06-25 06:00:00
RNT-10680,NVIDIA RTX 3090,Enterprise,US-East,Lambda Labs,1,0.72,26,18.72,14.86,2026-04-24 02:00:00,2026-04-25 04:00:00
RNT-10681,NVIDIA A100,Freelancer,US-East,GCP,2,2.94,6,35.28,51.15,2026-11-27 17:00:00,2026-11-27 23:00:00
RNT-10682,NVIDIA A100,Enterprise,EU-Central,AWS,1,3.17,48,152.16,59.47,2026-09-07 13:00:00,2026-09-09 13:00:00
RNT-10683,NVIDIA RTX 4090,Enterprise,US-West,AWS,1,1.28,9,11.52,89.9,2026-02-28 14:00:00,2026-02-28 23:00:00
RNT-10684,AMD Instinct MI250,Student,Asia-Pacific,GCP,2,1.69,28,94.64,19.42,2026-07-22 02:00:00,2026-07-23 06:00:00
RNT-10685,NVIDIA RTX 4090,Researcher,EU-Central,GCP,2,1.49,1,2.98,84.04,2026-11-11 00:00:00,2026-11-11 01:00:00
RNT-10686,NVIDIA RTX 4090,Student,US-West,GCP,4,0.88,11,38.72,28.9,2026-08-27 23:00:00,2026-08-28 10:00:00
RNT-10687,NVIDIA A100,Researcher,US-East,Lambda Labs,2,3.49,10,69.8,45.47,2026-08-22 16:00:00,2026-08-23 02:00:00
RNT-10688,NVIDIA RTX 3090,Enterprise,US-West,GCP,1,0.64,19,12.16,38.49,2026-10-30 02:00:00,2026-10-30 21:00:00
RNT-10689,NVIDIA A100,Freelancer,US-East,AWS,4,3.87,2,30.96,46.01,2026-04-05 13:00:00,2026-04-05 15:00:00
RNT-10690,NVIDIA A100,Student,US-West,AWS,2,2.73,37,202.02,23.54,2026-05-21 02:00:00,2026-05-22 15:00:00
RNT-10691,NVIDIA RTX 4090,Researcher,EU-Central,Azure,1,1.3,6,7.8,55.32,2026-11-30 12:00:00,2026-11-30 18:00:00
RNT-10692,NVIDIA RTX 4090,Freelancer,US-East,GCP,2,1.15,27,62.1,82.15,2026-04-23 14:00:00,2026-04-24 17:00:00
RNT-10693,NVIDIA A100,Researcher,EU-Central,Lambda Labs,4,2.91,39,453.96,49.74,2026-04-19 17:00:00,2026-04-21 08:00:00
RNT-10694,NVIDIA H100,Enterprise,EU-Central,Lambda Labs,1,4.95,20,99.0,54.16,2026-12-28 13:00:00,2026-12-29 09:00:00
RNT-10695,NVIDIA RTX 4090,Enterprise,US-East,Lambda Labs,1,0.97,32,31.04,86.39,2026-12-11 20:00:00,2026-12-13 04:00:00
RNT-10696,NVIDIA A100,Enterprise,US-East,Azure,1,3.37,26,87.62,73.55,2026-10-16 02:00:00,2026-10-17 04:00:00
RNT-10697,NVIDIA RTX 4090,Student,Asia-Pacific,AWS,1,1.41,11,15.51,54.14,2026-04-07 18:00:00,2026-04-08 05:00:00
RNT-10698,NVIDIA A100,Researcher,Asia-Pacific,Lambda Labs,1,3.35,40,134.0,33.19,2026-12-01 07:00:00,2026-12-02 23:00:00
RNT-10699,NVIDIA RTX 4090,Enterprise,Asia-Pacific,AWS,2,1.21,8,19.36,89.64,2026-01-16 03:00:00,2026-01-16 11:00:00
RNT-10700,NVIDIA RTX 4090,Enterprise,EU-Central,Azure,1,1.11,20,22.2,61.93,2026-02-13 03:00:00,2026-02-13 23:00:00
RNT-10701,NVIDIA H100,Student,EU-Central,GCP,4,4.1,33,541.2,29.9,2026-08-18 18:00:00,2026-08-20 03:00:00
RNT-10702,NVIDIA A100,Enterprise,Asia-Pacific,GCP,2,2.85,11,62.7,34.22,2026-04-18 10:00:00,2026-04-18 21:00:00
RNT-10703,NVIDIA H100,Student,EU-Central,GCP,2,4.98,9,89.64,82.28,2026-08-05 00:00:00,2026-08-05 09:00:00
RNT-10704,NVIDIA H100,Enterprise,EU-Central,Lambda Labs,4,4.62,15,277.2,13.97,2026-09-17 07:00:00,2026-09-17 22:00:00
RNT-10705,AMD Instinct MI250,Researcher,US-East,GCP,1,1.18,41,48.38,99.29,2026-11-08 14:00:00,2026-11-10 07:00:00
RNT-10706,NVIDIA A100,Freelancer,US-East,Lambda Labs,1,3.26,64,208.64,21.73,2026-11-16 00:00:00,2026-11-18 16:00:00
RNT-10707,NVIDIA RTX 3090,Researcher,EU-Central,Azure,2,0.53,19,20.14,81.65,2026-07-15 06:00:00,2026-07-16 01:00:00
RNT-10708,NVIDIA A100,Researcher,Asia-Pacific,Azure,4,2.89,26,300.56,45.53,2026-04-05 20:00:00,2026-04-06 22:00:00
RNT-10709,NVIDIA RTX 4090,Student,US-West,Lambda Labs,2,1.07,56,119.84,54.3,2026-02-25 19:00:00,2026-02-28 03:00:00
RNT-10710,NVIDIA RTX 3090,Researcher,Asia-Pacific,AWS,1,0.45,2,0.9,89.26,2026-02-01 19:00:00,2026-02-01 21:00:00
RNT-10711,NVIDIA RTX 4090,Freelancer,US-West,GCP,4,1.44,6,34.56,47.16,2026-08-19 23:00:00,2026-08-20 05:00:00
RNT-10712,NVIDIA RTX 4090,Freelancer,Asia-Pacific,GCP,1,1.39,30,41.7,58.37,2026-01-09 10:00:00,2026-01-10 16:00:00
RNT-10713,NVIDIA RTX 4090,Researcher,US-East,GCP,4,1.27,42,213.36,14.44,2026-07-10 13:00:00,2026-07-12 07:00:00
RNT-10714,NVIDIA A100,Researcher,EU-Central,Lambda Labs,8,2.66,47,1000.16,10.21,2026-12-27 21:00:00,2026-12-29 20:00:00
RNT-10715,AMD Instinct MI250,Enterprise,EU-Central,Azure,1,1.78,13,23.14,32.03,2026-07-19 15:00:00,2026-07-20 04:00:00
RNT-10716,NVIDIA RTX 3090,Freelancer,US-East,GCP,2,0.72,2,2.88,71.25,2026-11-30 13:00:00,2026-11-30 15:00:00
RNT-10717,AMD Instinct MI250,Enterprise,US-West,Azure,1,1.77,14,24.78,20.91,2026-06-10 11:00:00,2026-06-11 01:00:00
RNT-10718,NVIDIA H100,Researcher,US-West,GCP,1,4.23,6,25.38,20.24,2026-03-28 16:00:00,2026-03-28 22:00:00
RNT-10719,NVIDIA RTX 3090,Researcher,US-West,GCP,2,0.66,8,10.56,46.99,2026-01-21 13:00:00,2026-01-21 21:00:00
RNT-10720,AMD Instinct MI250,Enterprise,US-East,Lambda Labs,2,1.83,36,131.76,68.31,2026-11-07 09:00:00,2026-11-08 21:00:00
RNT-10721,NVIDIA A100,Student,US-West,AWS,4,3.37,2,26.96,74.09,2026-03-17 23:00:00,2026-03-18 01:00:00
RNT-10722,NVIDIA H100,Enterprise,US-East,Lambda Labs,2,5.29,42,444.36,26.06,2026-05-21 13:00:00,2026-05-23 07:00:00
RNT-10723,NVIDIA RTX 3090,Researcher,Asia-Pacific,GCP,1,0.58,13,7.54,17.16,2026-05-06 17:00:00,2026-05-07 06:00:00
RNT-10724,NVIDIA RTX 4090,Enterprise,Asia-Pacific,GCP,4,1.12,22,98.56,94.64,2026-09-08 21:00:00,2026-09-09 19:00:00
RNT-10725,NVIDIA RTX 3090,Student,US-East,AWS,8,0.41,2,6.56,33.46,2026-03-25 08:00:00,2026-03-25 10:00:00
RNT-10726,NVIDIA H100,Enterprise,EU-Central,Azure,1,5.28,10,52.8,86.8,2026-02-17 16:00:00,2026-02-18 02:00:00
RNT-10727,NVIDIA RTX 3090,Researcher,Asia-Pacific,Azure,8,0.43,2,6.88,87.71,2026-03-19 05:00:00,2026-03-19 07:00:00
RNT-10728,NVIDIA A100,Enterprise,US-West,GCP,1,3.15,78,245.7,79.53,2026-01-30 07:00:00,2026-02-02 13:00:00
RNT-10729,NVIDIA A100,Student,US-East,Azure,4,2.94,40,470.4,25.2,2026-10-12 12:00:00,2026-10-14 04:00:00
RNT-10730,NVIDIA A100,Enterprise,US-West,GCP,1,3.32,15,49.8,83.96,2026-05-16 17:00:00,2026-05-17 08:00:00
RNT-10731,NVIDIA RTX 3090,Enterprise,US-West,AWS,1,0.45,6,2.7,79.23,2026-05-20 04:00:00,2026-05-20 10:00:00
RNT-10732,NVIDIA RTX 4090,Enterprise,EU-Central,AWS,1,1.25,65,81.25,63.71,2026-02-10 05:00:00,2026-02-12 22:00:00
RNT-10733,NVIDIA RTX 4090,Enterprise,US-West,GCP,2,1.34,10,26.8,40.35,2026-10-09 20:00:00,2026-10-10 06:00:00
RNT-10734,NVIDIA A100,Enterprise,EU-Central,AWS,1,2.75,4,11.0,33.63,2026-02-19 18:00:00,2026-02-19 22:00:00
RNT-10735,NVIDIA RTX 3090,Freelancer,Asia-Pacific,Lambda Labs,1,0.44,20,8.8,20.97,2026-09-15 03:00:00,2026-09-15 23:00:00
RNT-10736,NVIDIA A100,Researcher,US-East,Lambda Labs,2,2.72,69,375.36,55.88,2026-11-07 06:00:00,2026-11-10 03:00:00
RNT-10737,NVIDIA RTX 3090,Freelancer,US-West,AWS,4,0.75,1,3.0,62.67,2026-12-26 03:00:00,2026-12-26 04:00:00
RNT-10738,NVIDIA RTX 4090,Researcher,US-East,GCP,1,1.12,7,7.84,42.34,2026-09-27 10:00:00,2026-09-27 17:00:00
RNT-10739,NVIDIA A100,Student,US-West,GCP,1,3.2,67,214.4,52.78,2026-05-14 11:00:00,2026-05-17 06:00:00
RNT-10740,NVIDIA RTX 4090,Student,US-East,AWS,1,0.79,5,3.95,42.72,2026-08-22 13:00:00,2026-08-22 18:00:00
RNT-10741,NVIDIA A100,Researcher,US-West,Azure,1,3.47,3,10.41,67.69,2026-05-08 12:00:00,2026-05-08 15:00:00
RNT-10742,NVIDIA RTX 3090,Enterprise,US-West,Lambda Labs,4,0.75,20,60.0,91.11,2026-04-14 09:00:00,2026-04-15 05:00:00
RNT-10743,NVIDIA RTX 4090,Enterprise,US-West,Azure,4,1.36,48,261.12,24.75,2026-09-11 17:00:00,2026-09-13 17:00:00
RNT-10744,NVIDIA A100,Enterprise,US-West,GCP,2,3.44,16,110.08,44.33,2026-04-05 15:00:00,2026-04-06 07:00:00
RNT-10745,NVIDIA RTX 3090,Enterprise,US-West,GCP,1,0.43,125,53.75,22.68,2026-12-03 04:00:00,2026-12-08 09:00:00
RNT-10746,NVIDIA A100,Researcher,US-West,Azure,2,2.67,27,144.18,66.24,2026-08-05 07:00:00,2026-08-06 10:00:00
RNT-10747,NVIDIA RTX 4090,Student,US-West,AWS,2,0.74,2,2.96,75.6,2026-03-02 13:00:00,2026-03-02 15:00:00
RNT-10748,AMD Instinct MI250,Researcher,US-West,Azure,4,1.26,119,599.76,93.87,2026-09-25 04:00:00,2026-09-30 03:00:00
RNT-10749,NVIDIA RTX 4090,Researcher,US-West,Azure,2,0.81,13,21.06,35.1,2026-08-29 23:00:00,2026-08-30 12:00:00
RNT-10750,NVIDIA H100,Student,US-East,Lambda Labs,2,4.52,8,72.32,95.52,2026-01-13 07:00:00,2026-01-13 15:00:00
RNT-10751,AMD Instinct MI250,Researcher,EU-Central,Lambda Labs,2,1.39,20,55.6,15.69,2026-05-27 05:00:00,2026-05-28 01:00:00
RNT-10752,NVIDIA RTX 4090,Enterprise,US-West,Azure,1,1.45,9,13.05,64.27,2026-08-28 15:00:00,2026-08-29 00:00:00
RNT-10753,NVIDIA A100,Enterprise,EU-Central,Azure,8,3.42,2,54.72,15.14,2026-03-30 03:00:00,2026-03-30 05:00:00
RNT-10754,NVIDIA H100,Freelancer,US-West,GCP,2,5.67,1,11.34,90.44,2026-04-05 11:00:00,2026-04-05 12:00:00
RNT-10755,NVIDIA RTX 3090,Freelancer,US-West,Lambda Labs,2,0.68,14,19.04,57.68,2026-11-11 10:00:00,2026-11-12 00:00:00
RNT-10756,NVIDIA RTX 4090,Enterprise,US-East,Lambda Labs,1,0.79,44,34.76,70.24,2026-10-20 02:00:00,2026-10-21 22:00:00
RNT-10757,NVIDIA RTX 4090,Researcher,Asia-Pacific,GCP,2,1.29,20,51.6,84.84,2026-01-25 11:00:00,2026-01-26 07:00:00
RNT-10758,NVIDIA RTX 3090,Enterprise,Asia-Pacific,AWS,2,0.51,171,174.42,23.53,2026-09-29 04:00:00,2026-10-06 07:00:00
RNT-10759,NVIDIA RTX 3090,Enterprise,US-East,Lambda Labs,1,0.66,8,5.28,13.47,2026-06-15 05:00:00,2026-06-15 13:00:00
RNT-10760,NVIDIA A100,Student,EU-Central,Lambda Labs,1,3.01,8,24.08,89.1,2026-09-07 18:00:00,2026-09-08 02:00:00
RNT-10761,NVIDIA A100,Researcher,Asia-Pacific,AWS,2,4.0,4,32.0,38.34,2026-03-28 17:00:00,2026-03-28 21:00:00
RNT-10762,NVIDIA A100,Freelancer,US-East,Lambda Labs,2,2.9,4,23.2,21.61,2026-05-22 15:00:00,2026-05-22 19:00:00
RNT-10763,NVIDIA RTX 3090,Researcher,US-East,Lambda Labs,2,0.51,8,8.16,52.16,2026-05-14 22:00:00,2026-05-15 06:00:00
RNT-10764,NVIDIA H100,Enterprise,Asia-Pacific,AWS,1,5.86,38,222.68,63.85,2026-10-06 10:00:00,2026-10-08 00:00:00
RNT-10765,NVIDIA RTX 4090,Enterprise,EU-Central,AWS,2,0.72,57,82.08,12.79,2026-05-06 04:00:00,2026-05-08 13:00:00
RNT-10766,NVIDIA RTX 3090,Student,US-East,Azure,1,0.68,89,60.52,34.74,2026-11-12 08:00:00,2026-11-16 01:00:00
RNT-10767,NVIDIA RTX 3090,Researcher,US-West,GCP,1,0.69,6,4.14,12.95,2026-05-21 02:00:00,2026-05-21 08:00:00
RNT-10768,NVIDIA A100,Researcher,EU-Central,GCP,1,3.75,51,191.25,47.83,2026-12-22 07:00:00,2026-12-24 10:00:00
RNT-10769,NVIDIA RTX 3090,Student,EU-Central,AWS,1,0.79,10,7.9,90.56,2026-04-13 05:00:00,2026-04-13 15:00:00
RNT-10770,NVIDIA H100,Student,Asia-Pacific,AWS,1,5.95,3,17.85,98.44,2026-08-14 03:00:00,2026-08-14 06:00:00
RNT-10771,NVIDIA RTX 3090,Freelancer,Asia-Pacific,Lambda Labs,1,0.43,49,21.07,67.33,2026-03-04 11:00:00,2026-03-06 12:00:00
RNT-10772,NVIDIA H100,Researcher,US-West,Azure,1,5.64,24,135.36,24.55,2026-10-21 11:00:00,2026-10-22 11:00:00
RNT-10773,NVIDIA A100,Enterprise,US-East,Azure,1,3.47,4,13.88,91.53,2026-11-02 20:00:00,2026-11-03 00:00:00
RNT-10774,NVIDIA RTX 3090,Researcher,Asia-Pacific,AWS,2,0.66,13,17.16,56.46,2026-09-11 15:00:00,2026-09-12 04:00:00
RNT-10775,NVIDIA H100,Freelancer,Asia-Pacific,Lambda Labs,1,4.26,8,34.08,23.84,2026-06-29 09:00:00,2026-06-29 17:00:00
RNT-10776,NVIDIA A100,Researcher,EU-Central,Lambda Labs,1,3.48,32,111.36,92.96,2026-02-09 21:00:00,2026-02-11 05:00:00
RNT-10777,NVIDIA RTX 3090,Researcher,Asia-Pacific,GCP,4,0.79,14,44.24,78.17,2026-09-21 13:00:00,2026-09-22 03:00:00
RNT-10778,NVIDIA RTX 3090,Freelancer,Asia-Pacific,GCP,1,0.76,109,82.84,75.85,2026-07-08 12:00:00,2026-07-13 01:00:00
RNT-10779,NVIDIA RTX 4090,Freelancer,Asia-Pacific,Lambda Labs,2,1.05,1,2.1,73.83,2026-01-08 08:00:00,2026-01-08 09:00:00
RNT-10780,NVIDIA RTX 4090,Student,Asia-Pacific,GCP,1,0.73,11,8.03,28.03,2026-04-14 06:00:00,2026-04-14 17:00:00
RNT-10781,NVIDIA RTX 4090,Freelancer,EU-Central,AWS,1,0.99,16,15.84,28.99,2026-08-13 11:00:00,2026-08-14 03:00:00
RNT-10782,NVIDIA A100,Researcher,US-West,Lambda Labs,2,3.74,17,127.16,71.95,2026-02-03 04:00:00,2026-02-03 21:00:00
RNT-10783,NVIDIA A100,Researcher,US-West,GCP,2,3.55,9,63.9,29.78,2026-08-24 17:00:00,2026-08-25 02:00:00
RNT-10784,NVIDIA A100,Student,US-East,Azure,4,3.19,31,395.56,49.48,2026-08-16 03:00:00,2026-08-17 10:00:00
RNT-10785,AMD Instinct MI250,Student,Asia-Pacific,Lambda Labs,2,1.06,50,106.0,80.38,2026-07-07 01:00:00,2026-07-09 03:00:00
RNT-10786,NVIDIA RTX 4090,Enterprise,EU-Central,Lambda Labs,8,1.04,67,557.44,80.56,2026-11-09 02:00:00,2026-11-11 21:00:00
RNT-10787,NVIDIA RTX 4090,Researcher,US-East,Azure,1,1.08,39,42.12,50.79,2026-01-22 11:00:00,2026-01-24 02:00:00
RNT-10788,NVIDIA RTX 4090,Researcher,US-East,AWS,1,1.44,46,66.24,81.3,2026-12-09 02:00:00,2026-12-11 00:00:00
RNT-10789,AMD Instinct MI250,Enterprise,US-West,Azure,1,1.64,19,31.16,85.48,2026-02-09 03:00:00,2026-02-09 22:00:00
RNT-10790,NVIDIA A100,Enterprise,EU-Central,Lambda Labs,1,2.97,42,124.74,68.93,2026-06-22 05:00:00,2026-06-23 23:00:00
RNT-10791,NVIDIA RTX 4090,Student,EU-Central,AWS,2,1.12,9,20.16,30.56,2026-06-28 11:00:00,2026-06-28 20:00:00
RNT-10792,NVIDIA RTX 4090,Enterprise,EU-Central,GCP,2,0.75,12,18.0,34.66,2026-03-27 18:00:00,2026-03-28 06:00:00
RNT-10793,NVIDIA RTX 4090,Student,US-West,GCP,1,1.48,9,13.32,38.34,2026-05-13 09:00:00,2026-05-13 18:00:00
RNT-10794,NVIDIA H100,Enterprise,US-West,GCP,4,4.72,15,283.2,20.51,2026-12-17 00:00:00,2026-12-17 15:00:00
RNT-10795,NVIDIA RTX 3090,Enterprise,US-West,Lambda Labs,4,0.59,8,18.88,34.58,2026-01-13 16:00:00,2026-01-14 00:00:00
RNT-10796,AMD Instinct MI250,Freelancer,US-West,Azure,1,1.36,78,106.08,28.86,2026-01-28 15:00:00,2026-01-31 21:00:00
RNT-10797,NVIDIA RTX 4090,Student,US-West,AWS,1,1.25,9,11.25,50.98,2026-03-25 08:00:00,2026-03-25 17:00:00
RNT-10798,NVIDIA RTX 4090,Student,Asia-Pacific,GCP,1,1.23,2,2.46,91.76,2026-11-14 20:00:00,2026-11-14 22:00:00
RNT-10799,AMD Instinct MI250,Researcher,Asia-Pacific,AWS,1,1.72,18,30.96,19.4,2026-12-15 08:00:00,2026-12-16 02:00:00
RNT-10800,NVIDIA RTX 3090,Researcher,EU-Central,Lambda Labs,1,0.51,1,0.51,74.82,2026-12-09 22:00:00,2026-12-09 23:00:00
RNT-10801,NVIDIA A100,Researcher,US-East,GCP,2,2.97,3,17.82,71.86,2026-10-07 08:00:00,2026-10-07 11:00:00
RNT-10802,NVIDIA RTX 4090,Freelancer,EU-Central,Lambda Labs,1,0.8,6,4.8,18.62,2026-12-20 11:00:00,2026-12-20 17:00:00
RNT-10803,NVIDIA RTX 4090,Researcher,US-East,Azure,1,1.22,15,18.3,93.03,2026-09-20 22:00:00,2026-09-21 13:00:00
RNT-10804,NVIDIA RTX 4090,Researcher,US-West,Lambda Labs,8,0.73,14,81.76,61.16,2026-06-15 08:00:00,2026-06-15 22:00:00
RNT-10805,NVIDIA RTX 3090,Enterprise,US-East,Lambda Labs,2,0.64,39,49.92,42.74,2026-10-20 14:00:00,2026-10-22 05:00:00
RNT-10806,AMD Instinct MI250,Researcher,EU-Central,Azure,4,1.87,32,239.36,78.09,2026-03-09 01:00:00,2026-03-10 09:00:00
RNT-10807,AMD Instinct MI250,Enterprise,EU-Central,AWS,1,1.89,13,24.57,33.16,2026-08-14 10:00:00,2026-08-14 23:00:00
RNT-10808,NVIDIA RTX 4090,Student,US-East,Azure,1,1.06,10,10.6,72.42,2026-06-19 10:00:00,2026-06-19 20:00:00
RNT-10809,NVIDIA H100,Researcher,Asia-Pacific,Azure,2,4.92,9,88.56,13.57,2026-03-27 07:00:00,2026-03-27 16:00:00
RNT-10810,AMD Instinct MI250,Student,US-West,Lambda Labs,1,1.08,36,38.88,85.55,2026-05-13 22:00:00,2026-05-15 10:00:00
RNT-10811,NVIDIA RTX 3090,Student,US-West,AWS,1,0.67,1,0.67,50.34,2026-06-27 05:00:00,2026-06-27 06:00:00
RNT-10812,NVIDIA H100,Freelancer,EU-Central,GCP,2,5.64,1,11.28,67.3,2026-12-09 20:00:00,2026-12-09 21:00:00
RNT-10813,AMD Instinct MI250,Student,Asia-Pacific,Azure,2,1.24,38,94.24,29.91,2026-09-09 19:00:00,2026-09-11 09:00:00
RNT-10814,NVIDIA RTX 3090,Enterprise,US-East,AWS,1,0.57,16,9.12,70.94,2026-01-15 06:00:00,2026-01-15 22:00:00
RNT-10815,NVIDIA RTX 4090,Researcher,US-West,Azure,1,1.37,3,4.11,79.5,2026-08-11 02:00:00,2026-08-11 05:00:00
RNT-10816,NVIDIA RTX 4090,Researcher,Asia-Pacific,Azure,1,1.4,6,8.4,52.59,2026-07-20 07:00:00,2026-07-20 13:00:00
RNT-10817,NVIDIA A100,Freelancer,US-West,Azure,1,2.86,65,185.9,65.6,2026-04-17 17:00:00,2026-04-20 10:00:00
RNT-10818,NVIDIA H100,Student,Asia-Pacific,Azure,1,5.1,47,239.7,51.07,2026-09-07 16:00:00,2026-09-09 15:00:00
RNT-10819,NVIDIA A100,Enterprise,Asia-Pacific,Lambda Labs,1,2.79,30,83.7,90.47,2026-03-30 10:00:00,2026-03-31 16:00:00
RNT-10820,NVIDIA RTX 3090,Freelancer,EU-Central,AWS,1,0.44,16,7.04,54.81,2026-05-05 01:00:00,2026-05-05 17:00:00
RNT-10821,NVIDIA H100,Enterprise,US-West,AWS,8,5.82,18,838.08,85.76,2026-04-23 20:00:00,2026-04-24 14:00:00
RNT-10822,NVIDIA A100,Freelancer,US-East,AWS,2,3.73,89,663.94,82.12,2026-05-17 23:00:00,2026-05-21 16:00:00
RNT-10823,NVIDIA A100,Student,EU-Central,Azure,2,3.64,81,589.68,46.95,2026-09-04 18:00:00,2026-09-08 03:00:00
RNT-10824,NVIDIA RTX 4090,Researcher,EU-Central,Lambda Labs,1,0.74,6,4.44,30.71,2026-06-15 06:00:00,2026-06-15 12:00:00
RNT-10825,AMD Instinct MI250,Researcher,US-East,Azure,1,1.84,40,73.6,46.55,2026-05-30 17:00:00,2026-06-01 09:00:00
RNT-10826,NVIDIA A100,Enterprise,EU-Central,Azure,1,3.16,5,15.8,84.36,2026-12-29 07:00:00,2026-12-29 12:00:00
RNT-10827,NVIDIA A100,Freelancer,Asia-Pacific,AWS,1,3.01,6,18.06,30.49,2026-12-09 13:00:00,2026-12-09 19:00:00
RNT-10828,NVIDIA RTX 3090,Researcher,Asia-Pacific,Azure,1,0.62,27,16.74,57.2,2026-03-09 06:00:00,2026-03-10 09:00:00
RNT-10829,NVIDIA RTX 4090,Enterprise,US-West,GCP,2,0.77,12,18.48,82.55,2026-08-09 20:00:00,2026-08-10 08:00:00
RNT-10830,NVIDIA A100,Student,US-West,Azure,2,3.63,64,464.64,41.81,2026-09-28 03:00:00,2026-09-30 19:00:00
RNT-10831,NVIDIA RTX 4090,Enterprise,US-East,GCP,2,1.17,2,4.68,67.8,2026-11-17 16:00:00,2026-11-17 18:00:00
RNT-10832,NVIDIA H100,Researcher,US-West,Azure,1,4.37,17,74.29,32.11,2026-11-06 04:00:00,2026-11-06 21:00:00
RNT-10833,NVIDIA A100,Freelancer,Asia-Pacific,Lambda Labs,4,2.78,60,667.2,19.84,2026-12-15 11:00:00,2026-12-17 23:00:00
RNT-10834,NVIDIA RTX 4090,Enterprise,US-East,Lambda Labs,1,0.85,56,47.6,81.49,2026-01-20 08:00:00,2026-01-22 16:00:00
RNT-10835,NVIDIA RTX 4090,Researcher,US-East,AWS,1,0.75,4,3.0,18.91,2026-10-16 19:00:00,2026-10-16 23:00:00
RNT-10836,AMD Instinct MI250,Student,US-West,Azure,1,1.59,11,17.49,34.42,2026-04-10 12:00:00,2026-04-10 23:00:00
RNT-10837,NVIDIA A100,Student,Asia-Pacific,GCP,2,3.76,23,172.96,86.96,2026-09-09 17:00:00,2026-09-10 16:00:00
RNT-10838,NVIDIA RTX 4090,Researcher,US-East,GCP,8,0.71,4,22.72,41.18,2026-03-18 19:00:00,2026-03-18 23:00:00
RNT-10839,NVIDIA RTX 4090,Researcher,Asia-Pacific,Azure,1,0.74,83,61.42,97.57,2026-05-15 08:00:00,2026-05-18 19:00:00
RNT-10840,NVIDIA H100,Freelancer,Asia-Pacific,GCP,4,5.15,59,1215.4,98.18,2026-06-22 03:00:00,2026-06-24 14:00:00
RNT-10841,NVIDIA RTX 4090,Enterprise,Asia-Pacific,Lambda Labs,4,1.36,4,21.76,34.14,2026-12-29 20:00:00,2026-12-30 00:00:00
RNT-10842,NVIDIA A100,Enterprise,US-West,GCP,1,2.99,3,8.97,13.69,2026-07-20 07:00:00,2026-07-20 10:00:00
RNT-10843,AMD Instinct MI250,Student,EU-Central,AWS,1,1.35,2,2.7,73.46,2026-08-05 00:00:00,2026-08-05 02:00:00
RNT-10844,NVIDIA H100,Freelancer,EU-Central,Lambda Labs,1,5.19,58,301.02,50.59,2026-07-27 16:00:00,2026-07-30 02:00:00
RNT-10845,NVIDIA RTX 4090,Enterprise,US-East,Lambda Labs,8,0.92,5,36.8,19.07,2026-03-15 08:00:00,2026-03-15 13:00:00
RNT-10846,NVIDIA H100,Student,Asia-Pacific,Lambda Labs,1,4.05,13,52.65,73.68,2026-01-11 19:00:00,2026-01-12 08:00:00
RNT-10847,AMD Instinct MI250,Enterprise,US-West,Azure,2,1.74,14,48.72,12.81,2026-10-14 12:00:00,2026-10-15 02:00:00
RNT-10848,NVIDIA RTX 4090,Enterprise,Asia-Pacific,Azure,1,1.2,22,26.4,88.32,2026-09-13 01:00:00,2026-09-13 23:00:00
RNT-10849,NVIDIA RTX 4090,Student,Asia-Pacific,Lambda Labs,2,1.16,2,4.64,22.48,2026-01-12 12:00:00,2026-01-12 14:00:00
RNT-10850,NVIDIA H100,Researcher,US-West,Azure,1,5.48,6,32.88,21.46,2026-03-19 08:00:00,2026-03-19 14:00:00
RNT-10851,NVIDIA RTX 3090,Researcher,EU-Central,GCP,2,0.67,64,85.76,25.81,2026-06-21 19:00:00,2026-06-24 11:00:00
RNT-10852,NVIDIA A100,Student,Asia-Pacific,Azure,4,2.81,57,640.68,96.42,2026-04-06 05:00:00,2026-04-08 14:00:00
RNT-10853,NVIDIA RTX 3090,Freelancer,Asia-Pacific,Azure,4,0.54,36,77.76,72.39,2026-11-02 00:00:00,2026-11-03 12:00:00
RNT-10854,NVIDIA A100,Freelancer,EU-Central,Lambda Labs,4,2.69,1,10.76,82.12,2026-09-30 04:00:00,2026-09-30 05:00:00
RNT-10855,NVIDIA A100,Enterprise,US-West,AWS,1,2.69,10,26.9,45.79,2026-06-28 02:00:00,2026-06-28 12:00:00
RNT-10856,NVIDIA H100,Researcher,US-East,AWS,2,5.35,24,256.8,40.27,2026-03-05 03:00:00,2026-03-06 03:00:00
RNT-10857,NVIDIA RTX 4090,Researcher,EU-Central,AWS,1,1.39,8,11.12,31.1,2026-05-12 00:00:00,2026-05-12 08:00:00
RNT-10858,NVIDIA RTX 4090,Enterprise,US-East,GCP,1,1.47,58,85.26,53.26,2026-12-09 13:00:00,2026-12-11 23:00:00
RNT-10859,NVIDIA H100,Enterprise,US-East,Azure,2,5.26,24,252.48,59.66,2026-09-29 08:00:00,2026-09-30 08:00:00
RNT-10860,NVIDIA RTX 3090,Student,EU-Central,AWS,1,0.47,2,0.94,66.86,2026-11-15 23:00:00,2026-11-16 01:00:00
RNT-10861,NVIDIA RTX 4090,Enterprise,Asia-Pacific,Lambda Labs,2,0.78,58,90.48,33.14,2026-11-28 03:00:00,2026-11-30 13:00:00
RNT-10862,NVIDIA RTX 4090,Freelancer,US-East,AWS,8,1.35,76,820.8,95.38,2026-12-07 17:00:00,2026-12-10 21:00:00
RNT-10863,NVIDIA RTX 4090,Researcher,US-East,AWS,1,1.16,2,2.32,25.28,2026-04-19 13:00:00,2026-04-19 15:00:00
RNT-10864,NVIDIA RTX 4090,Student,US-West,Azure,2,1.19,18,42.84,96.91,2026-09-30 03:00:00,2026-09-30 21:00:00
RNT-10865,NVIDIA RTX 4090,Enterprise,Asia-Pacific,Azure,1,1.33,9,11.97,11.34,2026-06-17 09:00:00,2026-06-17 18:00:00
RNT-10866,NVIDIA A100,Researcher,US-East,Azure,1,3.55,12,42.6,53.3,2026-06-29 02:00:00,2026-06-29 14:00:00
RNT-10867,NVIDIA A100,Researcher,US-West,GCP,1,3.75,5,18.75,40.0,2026-02-27 22:00:00,2026-02-28 03:00:00
RNT-10868,NVIDIA RTX 3090,Student,Asia-Pacific,GCP,4,0.42,21,35.28,50.42,2026-03-20 06:00:00,2026-03-21 03:00:00
RNT-10869,AMD Instinct MI250,Researcher,EU-Central,AWS,4,1.75,76,532.0,61.36,2026-03-02 09:00:00,2026-03-05 13:00:00
RNT-10870,NVIDIA A100,Enterprise,EU-Central,Azure,4,3.78,17,257.04,49.2,2026-05-01 12:00:00,2026-05-02 05:00:00
RNT-10871,NVIDIA A100,Enterprise,US-West,AWS,8,2.93,2,46.88,47.34,2026-07-26 03:00:00,2026-07-26 05:00:00
RNT-10872,NVIDIA RTX 4090,Researcher,EU-Central,Lambda Labs,1,1.21,23,27.83,75.95,2026-02-03 17:00:00,2026-02-04 16:00:00
RNT-10873,NVIDIA RTX 4090,Freelancer,US-East,Lambda Labs,1,0.95,10,9.5,71.73,2026-03-11 10:00:00,2026-03-11 20:00:00
RNT-10874,NVIDIA H100,Freelancer,Asia-Pacific,Azure,2,5.92,46,544.64,84.99,2026-01-17 03:00:00,2026-01-19 01:00:00
RNT-10875,NVIDIA A100,Freelancer,US-East,Azure,1,2.55,14,35.7,32.5,2026-01-20 23:00:00,2026-01-21 13:00:00
RNT-10876,NVIDIA RTX 3090,Researcher,US-East,Lambda Labs,1,0.63,5,3.15,64.86,2026-11-11 13:00:00,2026-11-11 18:00:00
RNT-10877,NVIDIA RTX 4090,Researcher,EU-Central,Azure,1,0.83,5,4.15,62.67,2026-03-10 17:00:00,2026-03-10 22:00:00
RNT-10878,NVIDIA H100,Freelancer,US-East,GCP,2,5.42,35,379.4,43.28,2026-08-03 07:00:00,2026-08-04 18:00:00
RNT-10879,NVIDIA A100,Enterprise,EU-Central,GCP,2,2.76,7,38.64,53.75,2026-06-10 09:00:00,2026-06-10 16:00:00
RNT-10880,NVIDIA A100,Student,Asia-Pacific,Azure,1,2.85,35,99.75,38.24,2026-04-12 04:00:00,2026-04-13 15:00:00
RNT-10881,NVIDIA RTX 4090,Student,Asia-Pacific,Lambda Labs,1,1.1,6,6.6,22.77,2026-07-25 22:00:00,2026-07-26 04:00:00
RNT-10882,NVIDIA H100,Researcher,US-East,AWS,2,5.83,9,104.94,29.24,2026-05-25 06:00:00,2026-05-25 15:00:00
RNT-10883,NVIDIA H100,Freelancer,US-West,Azure,2,4.42,15,132.6,19.5,2026-02-26 11:00:00,2026-02-27 02:00:00
RNT-10884,NVIDIA RTX 3090,Enterprise,EU-Central,Azure,1,0.46,69,31.74,71.48,2026-03-24 02:00:00,2026-03-26 23:00:00
RNT-10885,NVIDIA A100,Researcher,EU-Central,AWS,2,3.64,64,465.92,69.47,2026-09-26 03:00:00,2026-09-28 19:00:00
RNT-10886,NVIDIA RTX 4090,Student,US-East,Azure,1,1.1,6,6.6,95.55,2026-07-06 09:00:00,2026-07-06 15:00:00
RNT-10887,NVIDIA A100,Enterprise,EU-Central,AWS,1,3.87,11,42.57,75.67,2026-01-06 03:00:00,2026-01-06 14:00:00
RNT-10888,NVIDIA H100,Freelancer,EU-Central,Lambda Labs,2,4.29,4,34.32,14.68,2026-12-19 14:00:00,2026-12-19 18:00:00
RNT-10889,NVIDIA A100,Researcher,US-West,GCP,2,3.47,17,117.98,89.58,2026-12-16 09:00:00,2026-12-17 02:00:00
RNT-10890,NVIDIA RTX 3090,Enterprise,US-West,Lambda Labs,1,0.49,15,7.35,87.64,2026-04-20 20:00:00,2026-04-21 11:00:00
RNT-10891,NVIDIA RTX 3090,Freelancer,US-East,GCP,2,0.46,55,50.6,49.9,2026-05-18 21:00:00,2026-05-21 04:00:00
RNT-10892,NVIDIA RTX 3090,Researcher,US-West,AWS,2,0.67,64,85.76,62.73,2026-02-20 15:00:00,2026-02-23 07:00:00
RNT-10893,NVIDIA A100,Enterprise,US-East,GCP,2,3.39,12,81.36,97.85,2026-02-20 14:00:00,2026-02-21 02:00:00
RNT-10894,NVIDIA RTX 4090,Researcher,Asia-Pacific,Lambda Labs,2,1.3,16,41.6,57.91,2026-03-28 18:00:00,2026-03-29 10:00:00
RNT-10895,NVIDIA A100,Enterprise,US-East,GCP,2,2.96,54,319.68,91.48,2026-03-09 19:00:00,2026-03-12 01:00:00
RNT-10896,NVIDIA A100,Enterprise,Asia-Pacific,AWS,1,3.17,39,123.63,17.47,2026-03-25 18:00:00,2026-03-27 09:00:00
RNT-10897,NVIDIA RTX 3090,Enterprise,US-East,GCP,1,0.56,1,0.56,27.19,2026-02-11 17:00:00,2026-02-11 18:00:00
RNT-10898,NVIDIA H100,Enterprise,EU-Central,Azure,1,5.97,9,53.73,49.67,2026-08-07 11:00:00,2026-08-07 20:00:00
RNT-10899,NVIDIA H100,Researcher,US-West,Lambda Labs,1,4.58,13,59.54,62.63,2026-02-26 15:00:00,2026-02-27 04:00:00
RNT-10900,NVIDIA A100,Freelancer,Asia-Pacific,Azure,2,2.94,6,35.28,83.46,2026-08-14 00:00:00,2026-08-14 06:00:00
RNT-10901,NVIDIA H100,Enterprise,US-East,AWS,2,4.71,5,47.1,98.94,2026-07-15 15:00:00,2026-07-15 20:00:00
RNT-10902,NVIDIA A100,Student,US-West,GCP,1,3.35,1,3.35,45.0,2026-09-05 01:00:00,2026-09-05 02:00:00
RNT-10903,NVIDIA RTX 4090,Enterprise,US-East,Azure,1,0.9,25,22.5,14.27,2026-06-15 23:00:00,2026-06-17 00:00:00
RNT-10904,NVIDIA RTX 4090,Enterprise,US-West,Azure,1,1.43,7,10.01,82.11,2026-03-03 14:00:00,2026-03-03 21:00:00
RNT-10905,NVIDIA RTX 3090,Researcher,US-West,GCP,1,0.51,1,0.51,64.39,2026-09-20 06:00:00,2026-09-20 07:00:00
RNT-10906,NVIDIA RTX 3090,Freelancer,US-East,GCP,2,0.76,6,9.12,27.87,2026-04-22 00:00:00,2026-04-22 06:00:00
RNT-10907,NVIDIA A100,Freelancer,Asia-Pacific,Lambda Labs,1,2.66,39,103.74,54.53,2026-09-10 04:00:00,2026-09-11 19:00:00
RNT-10908,NVIDIA A100,Researcher,Asia-Pacific,Azure,2,3.48,46,320.16,76.81,2026-07-18 09:00:00,2026-07-20 07:00:00
RNT-10909,NVIDIA A100,Freelancer,EU-Central,Azure,4,3.86,16,247.04,79.34,2026-06-27 21:00:00,2026-06-28 13:00:00
RNT-10910,NVIDIA RTX 4090,Student,US-West,AWS,1,0.83,13,10.79,54.97,2026-01-26 20:00:00,2026-01-27 09:00:00
RNT-10911,NVIDIA A100,Researcher,EU-Central,Lambda Labs,1,3.95,91,359.45,37.47,2026-09-03 03:00:00,2026-09-06 22:00:00
RNT-10912,NVIDIA RTX 4090,Student,EU-Central,AWS,1,1.06,5,5.3,97.64,2026-01-19 13:00:00,2026-01-19 18:00:00
RNT-10913,NVIDIA RTX 4090,Freelancer,US-East,Azure,2,1.46,6,17.52,69.7,2026-09-22 12:00:00,2026-09-22 18:00:00
RNT-10914,NVIDIA RTX 4090,Enterprise,US-East,AWS,2,1.24,8,19.84,46.74,2026-11-13 00:00:00,2026-11-13 08:00:00
RNT-10915,NVIDIA RTX 4090,Student,US-East,Azure,1,0.94,5,4.7,35.24,2026-01-20 15:00:00,2026-01-20 20:00:00
RNT-10916,NVIDIA A100,Researcher,US-West,Azure,2,2.78,11,61.16,75.8,2026-04-16 22:00:00,2026-04-17 09:00:00
RNT-10917,AMD Instinct MI250,Enterprise,US-East,AWS,4,1.3,58,301.6,31.8,2026-08-25 08:00:00,2026-08-27 18:00:00
RNT-10918,NVIDIA RTX 3090,Student,US-East,AWS,1,0.44,23,10.12,25.45,2026-11-02 21:00:00,2026-11-03 20:00:00
RNT-10919,NVIDIA H100,Freelancer,US-West,GCP,1,4.29,13,55.77,57.69,2026-09-03 15:00:00,2026-09-04 04:00:00
RNT-10920,NVIDIA RTX 3090,Freelancer,US-West,GCP,4,0.44,65,114.4,36.1,2026-03-22 18:00:00,2026-03-25 11:00:00
RNT-10921,NVIDIA RTX 4090,Enterprise,Asia-Pacific,GCP,2,1.04,1,2.08,66.6,2026-05-30 14:00:00,2026-05-30 15:00:00
RNT-10922,NVIDIA RTX 3090,Freelancer,US-East,Azure,4,0.72,6,17.28,20.61,2026-01-10 13:00:00,2026-01-10 19:00:00
RNT-10923,NVIDIA RTX 3090,Researcher,US-East,AWS,2,0.46,20,18.4,68.94,2026-11-17 19:00:00,2026-11-18 15:00:00
RNT-10924,NVIDIA RTX 4090,Freelancer,US-East,Lambda Labs,4,0.8,23,73.6,35.5,2026-08-12 09:00:00,2026-08-13 08:00:00
RNT-10925,NVIDIA H100,Enterprise,Asia-Pacific,Azure,1,5.29,1,5.29,10.02,2026-09-21 20:00:00,2026-09-21 21:00:00
RNT-10926,NVIDIA A100,Enterprise,US-East,Lambda Labs,2,2.8,12,67.2,21.42,2026-05-29 11:00:00,2026-05-29 23:00:00
RNT-10927,NVIDIA RTX 4090,Student,Asia-Pacific,AWS,4,0.78,25,78.0,94.03,2026-10-05 00:00:00,2026-10-06 01:00:00
RNT-10928,NVIDIA RTX 4090,Freelancer,EU-Central,Azure,2,0.83,29,48.14,88.06,2026-10-01 20:00:00,2026-10-03 01:00:00
RNT-10929,NVIDIA A100,Researcher,Asia-Pacific,Lambda Labs,1,3.89,24,93.36,31.02,2026-07-13 16:00:00,2026-07-14 16:00:00
RNT-10930,NVIDIA H100,Student,EU-Central,Lambda Labs,1,5.64,9,50.76,80.05,2026-06-21 08:00:00,2026-06-21 17:00:00
RNT-10931,NVIDIA RTX 3090,Student,US-East,GCP,1,0.54,2,1.08,64.77,2026-09-22 22:00:00,2026-09-23 00:00:00
RNT-10932,AMD Instinct MI250,Enterprise,EU-Central,GCP,1,1.66,13,21.58,97.38,2026-11-06 18:00:00,2026-11-07 07:00:00
RNT-10933,NVIDIA RTX 4090,Enterprise,Asia-Pacific,GCP,1,1.13,3,3.39,43.62,2026-01-26 17:00:00,2026-01-26 20:00:00
RNT-10934,NVIDIA A100,Enterprise,US-West,Azure,2,3.52,71,499.84,71.33,2026-12-16 06:00:00,2026-12-19 05:00:00
RNT-10935,NVIDIA A100,Freelancer,EU-Central,AWS,2,3.52,15,105.6,15.72,2026-12-22 08:00:00,2026-12-22 23:00:00
RNT-10936,NVIDIA H100,Student,EU-Central,AWS,1,5.26,9,47.34,45.66,2026-01-26 21:00:00,2026-01-27 06:00:00
RNT-10937,AMD Instinct MI250,Enterprise,US-East,GCP,2,1.27,35,88.9,96.74,2026-02-03 20:00:00,2026-02-05 07:00:00
RNT-10938,NVIDIA H100,Student,Asia-Pacific,GCP,1,4.08,17,69.36,58.51,2026-09-21 11:00:00,2026-09-22 04:00:00
RNT-10939,NVIDIA RTX 4090,Freelancer,EU-Central,GCP,1,1.06,9,9.54,35.91,2026-05-18 06:00:00,2026-05-18 15:00:00
RNT-10940,NVIDIA A100,Freelancer,EU-Central,Lambda Labs,1,3.84,40,153.6,20.82,2026-10-31 13:00:00,2026-11-02 05:00:00
RNT-10941,NVIDIA RTX 4090,Enterprise,EU-Central,GCP,2,1.16,48,111.36,73.32,2026-07-02 14:00:00,2026-07-04 14:00:00
RNT-10942,NVIDIA RTX 4090,Enterprise,EU-Central,Lambda Labs,1,1.37,27,36.99,68.04,2026-12-29 14:00:00,2026-12-30 17:00:00
RNT-10943,NVIDIA RTX 3090,Researcher,US-West,AWS,1,0.8,1,0.8,43.65,2026-08-30 05:00:00,2026-08-30 06:00:00
RNT-10944,NVIDIA A100,Researcher,Asia-Pacific,Azure,1,2.75,20,55.0,95.58,2026-02-23 20:00:00,2026-02-24 16:00:00
RNT-10945,NVIDIA H100,Freelancer,US-East,Azure,4,5.38,35,753.2,12.0,2026-06-17 13:00:00,2026-06-19 00:00:00
RNT-10946,NVIDIA H100,Researcher,US-East,Azure,1,5.35,4,21.4,37.34,2026-04-29 01:00:00,2026-04-29 05:00:00
RNT-10947,AMD Instinct MI250,Researcher,US-West,Azure,2,1.98,6,23.76,92.9,2026-05-23 07:00:00,2026-05-23 13:00:00
RNT-10948,NVIDIA RTX 3090,Researcher,Asia-Pacific,Lambda Labs,2,0.79,51,80.58,38.88,2026-03-22 12:00:00,2026-03-24 15:00:00
RNT-10949,NVIDIA RTX 4090,Freelancer,EU-Central,Lambda Labs,2,1.25,1,2.5,32.7,2026-09-02 22:00:00,2026-09-02 23:00:00
RNT-10950,NVIDIA RTX 4090,Researcher,US-West,GCP,4,0.89,34,121.04,58.08,2026-12-18 05:00:00,2026-12-19 15:00:00
RNT-10951,NVIDIA RTX 4090,Student,Asia-Pacific,Lambda Labs,1,1.34,15,20.1,84.14,2026-12-24 04:00:00,2026-12-24 19:00:00
RNT-10952,NVIDIA A100,Enterprise,EU-Central,GCP,1,2.66,14,37.24,19.28,2026-03-03 04:00:00,2026-03-03 18:00:00
RNT-10953,AMD Instinct MI250,Freelancer,US-West,GCP,4,1.78,1,7.12,94.87,2026-02-15 00:00:00,2026-02-15 01:00:00
RNT-10954,NVIDIA RTX 4090,Student,Asia-Pacific,Azure,1,1.43,41,58.63,81.56,2026-03-28 08:00:00,2026-03-30 01:00:00
RNT-10955,NVIDIA A100,Researcher,US-East,Lambda Labs,2,3.07,11,67.54,26.31,2026-04-09 05:00:00,2026-04-09 16:00:00
RNT-10956,NVIDIA RTX 4090,Student,US-East,Lambda Labs,2,1.2,19,45.6,74.08,2026-10-22 19:00:00,2026-10-23 14:00:00
RNT-10957,NVIDIA H100,Researcher,Asia-Pacific,GCP,2,4.86,27,262.44,44.65,2026-02-22 06:00:00,2026-02-23 09:00:00
RNT-10958,NVIDIA A100,Researcher,US-East,GCP,4,3.16,29,366.56,46.21,2026-07-11 08:00:00,2026-07-12 13:00:00
RNT-10959,NVIDIA RTX 3090,Enterprise,Asia-Pacific,AWS,8,0.52,75,312.0,80.5,2026-03-21 04:00:00,2026-03-24 07:00:00
RNT-10960,NVIDIA H100,Enterprise,EU-Central,AWS,2,5.52,18,198.72,96.65,2026-01-16 13:00:00,2026-01-17 07:00:00
RNT-10961,NVIDIA RTX 4090,Enterprise,Asia-Pacific,GCP,1,1.45,12,17.4,21.4,2026-12-26 04:00:00,2026-12-26 16:00:00
RNT-10962,NVIDIA A100,Researcher,EU-Central,AWS,4,3.91,74,1157.36,47.86,2026-11-22 07:00:00,2026-11-25 09:00:00
RNT-10963,NVIDIA A100,Freelancer,US-West,AWS,1,2.76,25,69.0,53.28,2026-07-13 06:00:00,2026-07-14 07:00:00
RNT-10964,NVIDIA A100,Researcher,Asia-Pacific,GCP,1,3.81,8,30.48,43.87,2026-05-21 12:00:00,2026-05-21 20:00:00
RNT-10965,NVIDIA A100,Freelancer,US-West,GCP,4,3.61,3,43.32,42.69,2026-04-18 12:00:00,2026-04-18 15:00:00
RNT-10966,NVIDIA RTX 3090,Enterprise,US-East,Lambda Labs,1,0.5,44,22.0,14.7,2026-10-30 07:00:00,2026-11-01 03:00:00
RNT-10967,NVIDIA A100,Student,EU-Central,GCP,1,2.6,11,28.6,71.7,2026-09-22 10:00:00,2026-09-22 21:00:00
RNT-10968,NVIDIA RTX 4090,Enterprise,Asia-Pacific,GCP,1,0.91,26,23.66,49.26,2026-10-17 17:00:00,2026-10-18 19:00:00
RNT-10969,NVIDIA RTX 4090,Researcher,US-West,Azure,4,1.43,15,85.8,27.53,2026-07-28 18:00:00,2026-07-29 09:00:00
RNT-10970,NVIDIA RTX 4090,Enterprise,EU-Central,Lambda Labs,2,1.21,5,12.1,83.44,2026-06-14 05:00:00,2026-06-14 10:00:00
RNT-10971,AMD Instinct MI250,Student,EU-Central,Lambda Labs,2,1.72,22,75.68,82.23,2026-12-08 21:00:00,2026-12-09 19:00:00
RNT-10972,NVIDIA RTX 3090,Student,US-East,Lambda Labs,1,0.5,2,1.0,53.78,2026-11-16 01:00:00,2026-11-16 03:00:00
RNT-10973,NVIDIA A100,Freelancer,US-East,Azure,2,3.58,13,93.08,36.86,2026-06-01 12:00:00,2026-06-02 01:00:00
RNT-10974,NVIDIA H100,Researcher,EU-Central,GCP,2,4.06,19,154.28,67.43,2026-10-17 22:00:00,2026-10-18 17:00:00
RNT-10975,NVIDIA A100,Freelancer,EU-Central,Lambda Labs,1,3.06,14,42.84,35.93,2026-09-25 10:00:00,2026-09-26 00:00:00
RNT-10976,NVIDIA RTX 4090,Researcher,Asia-Pacific,Lambda Labs,1,1.2,33,39.6,31.24,2026-05-31 00:00:00,2026-06-01 09:00:00
RNT-10977,NVIDIA H100,Enterprise,EU-Central,AWS,1,4.29,42,180.18,75.75,2026-07-26 23:00:00,2026-07-28 17:00:00
RNT-10978,NVIDIA RTX 4090,Enterprise,Asia-Pacific,Lambda Labs,8,1.36,35,380.8,13.63,2026-09-12 01:00:00,2026-09-13 12:00:00
RNT-10979,NVIDIA RTX 4090,Enterprise,EU-Central,GCP,2,0.89,1,1.78,18.53,2026-12-19 16:00:00,2026-12-19 17:00:00
RNT-10980,NVIDIA A100,Researcher,US-East,GCP,4,3.48,5,69.6,10.61,2026-05-21 07:00:00,2026-05-21 12:00:00
RNT-10981,NVIDIA RTX 3090,Researcher,Asia-Pacific,AWS,1,0.56,18,10.08,23.76,2026-12-09 01:00:00,2026-12-09 19:00:00
RNT-10982,NVIDIA H100,Student,US-West,Lambda Labs,2,5.19,66,685.08,16.21,2026-12-24 05:00:00,2026-12-26 23:00:00
RNT-10983,NVIDIA H100,Researcher,US-East,Lambda Labs,2,4.21,43,362.06,99.62,2026-04-06 21:00:00,2026-04-08 16:00:00
RNT-10984,NVIDIA RTX 3090,Enterprise,Asia-Pacific,Lambda Labs,2,0.41,44,36.08,35.99,2026-08-15 04:00:00,2026-08-17 00:00:00
RNT-10985,NVIDIA RTX 4090,Freelancer,Asia-Pacific,Azure,8,1.43,9,102.96,23.43,2026-07-12 15:00:00,2026-07-13 00:00:00
RNT-10986,NVIDIA RTX 4090,Freelancer,US-West,Lambda Labs,1,0.92,13,11.96,31.69,2026-10-30 07:00:00,2026-10-30 20:00:00
RNT-10987,NVIDIA RTX 4090,Enterprise,Asia-Pacific,GCP,1,1.36,15,20.4,94.25,2026-11-10 18:00:00,2026-11-11 09:00:00
RNT-10988,NVIDIA A100,Enterprise,EU-Central,GCP,2,4.0,4,32.0,56.81,2026-04-28 15:00:00,2026-04-28 19:00:00
RNT-10989,NVIDIA RTX 3090,Enterprise,US-West,Azure,2,0.48,1,0.96,42.83,2026-01-05 12:00:00,2026-01-05 13:00:00
RNT-10990,NVIDIA RTX 3090,Researcher,US-East,Azure,2,0.51,70,71.4,88.61,2026-12-18 19:00:00,2026-12-21 17:00:00
RNT-10991,NVIDIA RTX 4090,Freelancer,US-East,Lambda Labs,1,1.23,7,8.61,45.55,2026-08-31 06:00:00,2026-08-31 13:00:00
RNT-10992,NVIDIA A100,Enterprise,EU-Central,AWS,2,3.95,7,55.3,40.15,2026-01-21 15:00:00,2026-01-21 22:00:00
RNT-10993,NVIDIA RTX 4090,Enterprise,US-East,Azure,1,1.43,2,2.86,28.66,2026-06-01 22:00:00,2026-06-02 00:00:00
RNT-10994,NVIDIA A100,Student,Asia-Pacific,Azure,1,3.25,63,204.75,44.0,2026-05-08 15:00:00,2026-05-11 06:00:00
RNT-10995,NVIDIA H100,Researcher,Asia-Pacific,Lambda Labs,2,5.59,21,234.78,38.5,2026-05-04 11:00:00,2026-05-05 08:00:00
RNT-10996,AMD Instinct MI250,Researcher,EU-Central,Lambda Labs,2,1.14,26,59.28,70.96,2026-05-26 13:00:00,2026-05-27 15:00:00
RNT-10997,NVIDIA H100,Freelancer,US-East,Azure,1,5.95,58,345.1,36.06,2026-10-04 23:00:00,2026-10-07 09:00:00
RNT-10998,AMD Instinct MI250,Enterprise,US-East,AWS,1,1.96,10,19.6,61.95,2026-11-06 17:00:00,2026-11-07 03:00:00
RNT-10999,NVIDIA RTX 4090,Researcher,EU-Central,Azure,1,0.83,23,19.09,15.93,2026-06-01 17:00:00,2026-06-02 16:00:00
RNT-11000,NVIDIA A100,Freelancer,US-West,Lambda Labs,1,2.95,1,2.95,27.22,2026-12-26 15:00:00,2026-12-26 16:00:00
RNT-11001,NVIDIA RTX 4090,Student,US-East,Lambda Labs,2,0.78,5,7.8,46.67,2026-04-21 19:00:00,2026-04-22 00:00:00
RNT-11002,NVIDIA RTX 3090,Researcher,US-West,Azure,4,0.51,43,87.72,94.33,2026-04-26 15:00:00,2026-04-28 10:00:00
RNT-11003,NVIDIA RTX 3090,Student,US-East,AWS,1,0.73,35,25.55,43.95,2026-07-07 12:00:00,2026-07-08 23:00:00
RNT-11004,NVIDIA RTX 3090,Enterprise,US-East,Azure,2,0.55,10,11.0,69.77,2026-02-26 08:00:00,2026-02-26 18:00:00
RNT-11005,NVIDIA RTX 4090,Freelancer,US-East,Azure,4,0.77,11,33.88,32.96,2026-09-08 08:00:00,2026-09-08 19:00:00
RNT-11006,NVIDIA RTX 4090,Researcher,US-East,Lambda Labs,4,0.97,18,69.84,21.43,2026-05-30 12:00:00,2026-05-31 06:00:00
RNT-11007,NVIDIA RTX 3090,Freelancer,Asia-Pacific,AWS,1,0.79,1,0.79,15.27,2026-06-11 03:00:00,2026-06-11 04:00:00
RNT-11008,NVIDIA A100,Researcher,US-West,GCP,8,3.44,7,192.64,37.49,2026-04-30 08:00:00,2026-04-30 15:00:00
RNT-11009,NVIDIA RTX 4090,Freelancer,US-West,AWS,1,1.03,6,6.18,24.19,2026-03-11 14:00:00,2026-03-11 20:00:00
RNT-11010,NVIDIA A100,Enterprise,US-East,Azure,1,2.75,7,19.25,25.66,2026-12-17 13:00:00,2026-12-17 20:00:00
RNT-11011,AMD Instinct MI250,Freelancer,US-East,Azure,1,1.99,39,77.61,78.47,2026-04-09 18:00:00,2026-04-11 09:00:00
RNT-11012,AMD Instinct MI250,Student,US-West,Azure,1,1.82,8,14.56,11.43,2026-06-16 11:00:00,2026-06-16 19:00:00
RNT-11013,NVIDIA H100,Freelancer,Asia-Pacific,AWS,1,4.56,5,22.8,60.2,2026-10-25 20:00:00,2026-10-26 01:00:00
RNT-11014,NVIDIA RTX 3090,Enterprise,EU-Central,Lambda Labs,1,0.43,17,7.31,44.15,2026-05-31 05:00:00,2026-05-31 22:00:00
RNT-11015,AMD Instinct MI250,Researcher,EU-Central,Azure,1,1.06,48,50.88,55.59,2026-11-22 02:00:00,2026-11-24 02:00:00
RNT-11016,NVIDIA A100,Freelancer,US-West,Azure,4,2.68,7,75.04,60.65,2026-01-02 21:00:00,2026-01-03 04:00:00
RNT-11017,NVIDIA RTX 4090,Researcher,US-East,AWS,4,1.16,2,9.28,38.2,2026-06-01 19:00:00,2026-06-01 21:00:00
RNT-11018,AMD Instinct MI250,Freelancer,US-East,GCP,1,1.93,11,21.23,36.56,2026-03-06 15:00:00,2026-03-07 02:00:00
RNT-11019,NVIDIA H100,Student,Asia-Pacific,GCP,4,4.99,33,658.68,76.01,2026-11-22 19:00:00,2026-11-24 04:00:00
RNT-11020,NVIDIA RTX 4090,Enterprise,EU-Central,Lambda Labs,4,1.37,19,104.12,88.41,2026-03-10 23:00:00,2026-03-11 18:00:00
RNT-11021,NVIDIA A100,Enterprise,Asia-Pacific,Lambda Labs,2,3.17,41,259.94,27.33,2026-05-01 22:00:00,2026-05-03 15:00:00
RNT-11022,AMD Instinct MI250,Student,EU-Central,Azure,1,1.71,77,131.67,18.79,2026-04-19 16:00:00,2026-04-22 21:00:00
RNT-11023,AMD Instinct MI250,Researcher,US-West,AWS,2,1.73,38,131.48,90.8,2026-11-12 15:00:00,2026-11-14 05:00:00
RNT-11024,AMD Instinct MI250,Student,EU-Central,Azure,4,1.17,22,102.96,41.49,2026-09-04 05:00:00,2026-09-05 03:00:00
RNT-11025,NVIDIA RTX 4090,Researcher,Asia-Pacific,Lambda Labs,2,0.99,16,31.68,59.62,2026-04-03 07:00:00,2026-04-03 23:00:00
RNT-11026,NVIDIA RTX 3090,Researcher,Asia-Pacific,AWS,1,0.65,1,0.65,42.36,2026-09-25 18:00:00,2026-09-25 19:00:00
RNT-11027,NVIDIA RTX 3090,Enterprise,Asia-Pacific,AWS,2,0.43,100,86.0,21.32,2026-04-13 01:00:00,2026-04-17 05:00:00
RNT-11028,NVIDIA A100,Researcher,US-West,Lambda Labs,2,3.04,12,72.96,63.04,2026-04-22 13:00:00,2026-04-23 01:00:00
RNT-11029,NVIDIA RTX 3090,Researcher,EU-Central,GCP,2,0.61,4,4.88,57.26,2026-11-17 21:00:00,2026-11-18 01:00:00
RNT-11030,NVIDIA H100,Enterprise,EU-Central,GCP,1,5.99,26,155.74,28.27,2026-10-31 11:00:00,2026-11-01 13:00:00
RNT-11031,NVIDIA RTX 4090,Student,Asia-Pacific,AWS,1,1.08,8,8.64,50.67,2026-12-10 16:00:00,2026-12-11 00:00:00
RNT-11032,NVIDIA A100,Freelancer,EU-Central,Azure,4,3.72,21,312.48,81.73,2026-03-03 14:00:00,2026-03-04 11:00:00
RNT-11033,NVIDIA H100,Freelancer,US-East,GCP,4,4.86,21,408.24,63.14,2026-10-27 17:00:00,2026-10-28 14:00:00
RNT-11034,NVIDIA H100,Enterprise,US-East,Azure,1,5.59,14,78.26,18.72,2026-05-16 15:00:00,2026-05-17 05:00:00
RNT-11035,NVIDIA RTX 4090,Enterprise,US-East,GCP,8,1.18,43,405.92,59.32,2026-02-24 12:00:00,2026-02-26 07:00:00
RNT-11036,NVIDIA A100,Freelancer,EU-Central,GCP,1,3.83,7,26.81,73.25,2026-04-18 20:00:00,2026-04-19 03:00:00
RNT-11037,NVIDIA RTX 3090,Student,US-West,Azure,2,0.56,14,15.68,81.34,2026-10-30 16:00:00,2026-10-31 06:00:00
RNT-11038,NVIDIA H100,Student,US-West,Lambda Labs,2,5.21,19,197.98,66.62,2026-09-15 07:00:00,2026-09-16 02:00:00
RNT-11039,NVIDIA A100,Researcher,US-West,GCP,4,3.45,26,358.8,23.74,2026-09-10 00:00:00,2026-09-11 02:00:00
RNT-11040,NVIDIA RTX 4090,Enterprise,US-West,GCP,4,1.03,37,152.44,73.92,2026-08-10 02:00:00,2026-08-11 15:00:00
RNT-11041,NVIDIA RTX 3090,Student,US-East,Azure,1,0.46,12,5.52,70.96,2026-06-16 15:00:00,2026-06-17 03:00:00
RNT-11042,NVIDIA A100,Enterprise,US-East,Lambda Labs,4,2.64,25,264.0,12.2,2026-06-09 01:00:00,2026-06-10 02:00:00
RNT-11043,NVIDIA RTX 4090,Freelancer,Asia-Pacific,GCP,1,0.71,4,2.84,47.06,2026-06-15 14:00:00,2026-06-15 18:00:00
RNT-11044,NVIDIA RTX 3090,Freelancer,EU-Central,GCP,2,0.75,65,97.5,39.97,2026-07-24 00:00:00,2026-07-26 17:00:00
RNT-11045,NVIDIA RTX 4090,Enterprise,EU-Central,Lambda Labs,2,0.89,12,21.36,70.25,2026-09-24 08:00:00,2026-09-24 20:00:00
RNT-11046,NVIDIA A100,Student,US-West,GCP,2,2.82,31,174.84,29.45,2026-05-18 15:00:00,2026-05-19 22:00:00
RNT-11047,NVIDIA H100,Freelancer,US-East,Lambda Labs,1,5.47,1,5.47,63.18,2026-12-12 03:00:00,2026-12-12 04:00:00
RNT-11048,NVIDIA RTX 3090,Enterprise,US-West,Lambda Labs,4,0.53,6,12.72,92.19,2026-09-05 11:00:00,2026-09-05 17:00:00
RNT-11049,NVIDIA H100,Student,Asia-Pacific,Azure,1,5.01,16,80.16,81.8,2026-02-24 00:00:00,2026-02-24 16:00:00
RNT-11050,NVIDIA RTX 3090,Student,EU-Central,AWS,1,0.47,51,23.97,92.93,2026-07-28 00:00:00,2026-07-30 03:00:00
RNT-11051,NVIDIA RTX 4090,Freelancer,EU-Central,Lambda Labs,2,1.47,18,52.92,98.07,2026-01-17 06:00:00,2026-01-18 00:00:00
RNT-11052,AMD Instinct MI250,Enterprise,US-West,Azure,1,1.85,64,118.4,10.96,2026-03-09 17:00:00,2026-03-12 09:00:00
RNT-11053,NVIDIA RTX 3090,Freelancer,Asia-Pacific,AWS,4,0.75,16,48.0,66.05,2026-05-13 22:00:00,2026-05-14 14:00:00
RNT-11054,AMD Instinct MI250,Freelancer,EU-Central,GCP,1,1.41,16,22.56,47.16,2026-07-07 22:00:00,2026-07-08 14:00:00
RNT-11055,NVIDIA A100,Enterprise,Asia-Pacific,AWS,1,3.64,3,10.92,87.39,2026-11-04 14:00:00,2026-11-04 17:00:00
RNT-11056,NVIDIA RTX 3090,Enterprise,Asia-Pacific,Lambda Labs,4,0.46,39,71.76,32.66,2026-05-18 12:00:00,2026-05-20 03:00:00
RNT-11057,NVIDIA RTX 4090,Researcher,US-West,Lambda Labs,2,0.71,7,9.94,98.29,2026-06-23 15:00:00,2026-06-23 22:00:00
RNT-11058,NVIDIA RTX 4090,Researcher,US-East,Lambda Labs,1,0.72,55,39.6,65.23,2026-04-07 06:00:00,2026-04-09 13:00:00
RNT-11059,NVIDIA RTX 4090,Researcher,US-West,Lambda Labs,2,1.17,58,135.72,81.42,2026-06-20 15:00:00,2026-06-23 01:00:00
RNT-11060,NVIDIA RTX 3090,Enterprise,US-East,Lambda Labs,2,0.58,69,80.04,17.7,2026-06-03 12:00:00,2026-06-06 09:00:00
RNT-11061,AMD Instinct MI250,Enterprise,Asia-Pacific,Azure,2,1.52,18,54.72,26.51,2026-07-02 13:00:00,2026-07-03 07:00:00
RNT-11062,NVIDIA RTX 3090,Freelancer,US-East,Lambda Labs,1,0.4,27,10.8,78.26,2026-08-30 16:00:00,2026-08-31 19:00:00
RNT-11063,NVIDIA RTX 4090,Researcher,Asia-Pacific,Azure,4,1.04,36,149.76,11.98,2026-10-31 11:00:00,2026-11-01 23:00:00
RNT-11064,NVIDIA RTX 4090,Enterprise,EU-Central,GCP,4,1.27,3,15.24,83.52,2026-10-12 23:00:00,2026-10-13 02:00:00
RNT-11065,NVIDIA RTX 3090,Enterprise,EU-Central,Lambda Labs,2,0.58,22,25.52,11.26,2026-01-27 23:00:00,2026-01-28 21:00:00
RNT-11066,NVIDIA A100,Enterprise,EU-Central,Lambda Labs,1,3.6,1,3.6,69.14,2026-12-26 19:00:00,2026-12-26 20:00:00
RNT-11067,NVIDIA H100,Enterprise,US-West,AWS,4,4.47,17,303.96,42.86,2026-03-01 12:00:00,2026-03-02 05:00:00
RNT-11068,NVIDIA A100,Researcher,US-West,GCP,2,3.72,4,29.76,65.03,2026-07-21 23:00:00,2026-07-22 03:00:00
RNT-11069,NVIDIA A100,Enterprise,Asia-Pacific,Lambda Labs,2,3.38,5,33.8,72.64,2026-09-07 19:00:00,2026-09-08 00:00:00
RNT-11070,NVIDIA A100,Student,EU-Central,Lambda Labs,1,2.82,11,31.02,40.82,2026-12-28 14:00:00,2026-12-29 01:00:00
RNT-11071,NVIDIA A100,Researcher,US-West,GCP,4,2.86,14,160.16,19.72,2026-03-10 23:00:00,2026-03-11 13:00:00
RNT-11072,NVIDIA H100,Researcher,EU-Central,Azure,2,5.26,23,241.96,16.27,2026-01-21 20:00:00,2026-01-22 19:00:00
RNT-11073,NVIDIA H100,Enterprise,US-West,Lambda Labs,1,5.66,2,11.32,63.0,2026-06-01 03:00:00,2026-06-01 05:00:00
RNT-11074,AMD Instinct MI250,Freelancer,US-East,AWS,1,1.42,17,24.14,56.86,2026-04-12 21:00:00,2026-04-13 14:00:00
RNT-11075,NVIDIA RTX 4090,Enterprise,US-East,Lambda Labs,4,0.91,5,18.2,76.8,2026-04-05 01:00:00,2026-04-05 06:00:00
RNT-11076,NVIDIA A100,Enterprise,EU-Central,AWS,1,3.8,20,76.0,55.88,2026-12-27 17:00:00,2026-12-28 13:00:00
RNT-11077,NVIDIA RTX 4090,Enterprise,Asia-Pacific,AWS,8,1.24,24,238.08,48.02,2026-08-17 01:00:00,2026-08-18 01:00:00
RNT-11078,NVIDIA A100,Enterprise,US-West,Lambda Labs,2,3.17,20,126.8,45.83,2026-05-05 14:00:00,2026-05-06 10:00:00
RNT-11079,AMD Instinct MI250,Student,US-West,Lambda Labs,2,1.49,32,95.36,12.38,2026-09-15 18:00:00,2026-09-17 02:00:00
RNT-11080,NVIDIA RTX 3090,Researcher,US-East,AWS,1,0.48,10,4.8,40.2,2026-11-18 14:00:00,2026-11-19 00:00:00
RNT-11081,NVIDIA H100,Researcher,US-East,GCP,1,5.25,35,183.75,97.84,2026-08-24 19:00:00,2026-08-26 06:00:00
RNT-11082,NVIDIA RTX 4090,Researcher,Asia-Pacific,GCP,4,0.99,14,55.44,88.62,2026-06-11 09:00:00,2026-06-11 23:00:00
RNT-11083,NVIDIA RTX 3090,Student,Asia-Pacific,Lambda Labs,1,0.8,16,12.8,39.64,2026-02-11 23:00:00,2026-02-12 15:00:00
RNT-11084,AMD Instinct MI250,Student,Asia-Pacific,Azure,2,1.48,25,74.0,62.9,2026-10-03 19:00:00,2026-10-04 20:00:00
RNT-11085,NVIDIA RTX 4090,Researcher,EU-Central,GCP,1,1.09,1,1.09,86.26,2026-12-19 10:00:00,2026-12-19 11:00:00
RNT-11086,NVIDIA RTX 4090,Freelancer,US-East,Lambda Labs,1,1.15,25,28.75,49.71,2026-03-09 09:00:00,2026-03-10 10:00:00
RNT-11087,NVIDIA A100,Researcher,EU-Central,GCP,1,3.88,23,89.24,11.62,2026-06-22 22:00:00,2026-06-23 21:00:00
RNT-11088,AMD Instinct MI250,Researcher,US-East,Azure,2,1.8,9,32.4,16.71,2026-11-27 04:00:00,2026-11-27 13:00:00
RNT-11089,NVIDIA A100,Student,US-East,Lambda Labs,8,3.18,2,50.88,55.94,2026-05-05 08:00:00,2026-05-05 10:00:00
RNT-11090,AMD Instinct MI250,Enterprise,US-West,Azure,1,1.72,2,3.44,97.25,2026-06-19 19:00:00,2026-06-19 21:00:00
RNT-11091,NVIDIA RTX 4090,Researcher,US-East,Lambda Labs,1,1.17,62,72.54,72.39,2026-02-16 18:00:00,2026-02-19 08:00:00
RNT-11092,NVIDIA RTX 4090,Researcher,US-East,Azure,1,1.09,28,30.52,16.38,2026-09-18 12:00:00,2026-09-19 16:00:00
RNT-11093,NVIDIA RTX 4090,Enterprise,EU-Central,GCP,2,0.85,3,5.1,27.04,2026-08-05 17:00:00,2026-08-05 20:00:00
RNT-11094,NVIDIA A100,Student,US-East,GCP,1,3.2,11,35.2,79.42,2026-11-01 16:00:00,2026-11-02 03:00:00
RNT-11095,NVIDIA A100,Student,EU-Central,Azure,4,2.87,22,252.56,85.73,2026-05-04 05:00:00,2026-05-05 03:00:00
RNT-11096,NVIDIA A100,Researcher,Asia-Pacific,Azure,2,3.87,43,332.82,65.59,2026-10-20 09:00:00,2026-10-22 04:00:00
RNT-11097,NVIDIA A100,Student,US-East,Azure,2,3.0,1,6.0,68.0,2026-06-11 01:00:00,2026-06-11 02:00:00
RNT-11098,NVIDIA RTX 3090,Student,US-East,Lambda Labs,1,0.78,6,4.68,12.55,2026-07-20 23:00:00,2026-07-21 05:00:00
RNT-11099,NVIDIA A100,Researcher,EU-Central,GCP,8,3.3,53,1399.2,84.57,2026-10-02 05:00:00,2026-10-04 10:00:00
RNT-11100,NVIDIA H100,Freelancer,Asia-Pacific,Lambda Labs,1,5.26,1,5.26,80.94,2026-07-25 20:00:00,2026-07-25 21:00:00
RNT-11101,AMD Instinct MI250,Enterprise,US-West,GCP,1,1.54,5,7.7,33.31,2026-02-09 12:00:00,2026-02-09 17:00:00
RNT-11102,NVIDIA RTX 3090,Enterprise,Asia-Pacific,AWS,2,0.45,77,69.3,73.78,2026-09-30 17:00:00,2026-10-03 22:00:00
RNT-11103,AMD Instinct MI250,Researcher,EU-Central,Lambda Labs,2,1.38,23,63.48,29.34,2026-07-07 06:00:00,2026-07-08 05:00:00
RNT-11104,AMD Instinct MI250,Freelancer,Asia-Pacific,GCP,1,1.1,7,7.7,13.63,2026-12-21 01:00:00,2026-12-21 08:00:00
RNT-11105,NVIDIA A100,Researcher,EU-Central,GCP,1,3.43,2,6.86,28.1,2026-04-03 13:00:00,2026-04-03 15:00:00
RNT-11106,NVIDIA A100,Student,EU-Central,Lambda Labs,2,3.17,1,6.34,26.08,2026-02-11 04:00:00,2026-02-11 05:00:00
RNT-11107,NVIDIA RTX 3090,Enterprise,US-West,Lambda Labs,1,0.71,7,4.97,40.4,2026-04-17 17:00:00,2026-04-18 00:00:00
RNT-11108,NVIDIA RTX 4090,Student,US-East,GCP,4,0.88,51,179.52,47.66,2026-11-24 10:00:00,2026-11-26 13:00:00
RNT-11109,NVIDIA A100,Researcher,EU-Central,Lambda Labs,2,2.75,13,71.5,55.77,2026-03-06 09:00:00,2026-03-06 22:00:00
RNT-11110,NVIDIA RTX 3090,Enterprise,EU-Central,Azure,1,0.56,31,17.36,52.91,2026-11-05 10:00:00,2026-11-06 17:00:00
RNT-11111,NVIDIA A100,Freelancer,US-West,Lambda Labs,1,3.89,60,233.4,34.36,2026-05-15 01:00:00,2026-05-17 13:00:00
RNT-11112,NVIDIA A100,Researcher,EU-Central,Lambda Labs,1,3.57,13,46.41,12.63,2026-01-24 14:00:00,2026-01-25 03:00:00
RNT-11113,NVIDIA RTX 4090,Enterprise,US-East,Lambda Labs,2,1.04,5,10.4,64.46,2026-01-28 06:00:00,2026-01-28 11:00:00
RNT-11114,NVIDIA RTX 4090,Freelancer,US-West,GCP,2,1.11,17,37.74,45.62,2026-03-03 08:00:00,2026-03-04 01:00:00
RNT-11115,NVIDIA RTX 4090,Student,US-East,Azure,1,0.77,57,43.89,36.88,2026-09-30 04:00:00,2026-10-02 13:00:00
RNT-11116,NVIDIA H100,Researcher,US-East,AWS,2,5.97,39,465.66,88.02,2026-08-17 06:00:00,2026-08-18 21:00:00
RNT-11117,NVIDIA RTX 3090,Researcher,US-West,AWS,8,0.67,2,10.72,77.21,2026-01-20 19:00:00,2026-01-20 21:00:00
RNT-11118,NVIDIA A100,Researcher,EU-Central,Azure,1,2.93,28,82.04,87.2,2026-01-03 01:00:00,2026-01-04 05:00:00
RNT-11119,NVIDIA H100,Researcher,US-East,Azure,4,5.17,20,413.6,54.55,2026-08-06 02:00:00,2026-08-06 22:00:00
RNT-11120,NVIDIA RTX 3090,Freelancer,US-East,Azure,1,0.44,57,25.08,21.78,2026-11-03 01:00:00,2026-11-05 10:00:00
RNT-11121,AMD Instinct MI250,Enterprise,US-East,GCP,1,1.97,3,5.91,72.66,2026-05-16 20:00:00,2026-05-16 23:00:00
RNT-11122,NVIDIA RTX 3090,Enterprise,US-East,AWS,1,0.47,18,8.46,28.55,2026-01-03 21:00:00,2026-01-04 15:00:00
RNT-11123,NVIDIA RTX 3090,Researcher,US-West,Azure,1,0.66,51,33.66,49.71,2026-07-12 22:00:00,2026-07-15 01:00:00
RNT-11124,NVIDIA RTX 4090,Freelancer,US-West,GCP,1,0.9,13,11.7,15.85,2026-03-14 18:00:00,2026-03-15 07:00:00
RNT-11125,NVIDIA RTX 4090,Freelancer,Asia-Pacific,AWS,1,1.27,16,20.32,84.28,2026-12-27 03:00:00,2026-12-27 19:00:00
RNT-11126,NVIDIA H100,Freelancer,Asia-Pacific,Lambda Labs,4,5.55,2,44.4,21.33,2026-04-28 23:00:00,2026-04-29 01:00:00
RNT-11127,NVIDIA RTX 4090,Student,US-East,GCP,4,1.24,8,39.68,91.28,2026-06-03 19:00:00,2026-06-04 03:00:00
RNT-11128,NVIDIA A100,Enterprise,EU-Central,AWS,2,3.42,9,61.56,87.78,2026-07-28 06:00:00,2026-07-28 15:00:00
RNT-11129,NVIDIA A100,Student,US-East,GCP,1,3.84,70,268.8,51.81,2026-02-03 21:00:00,2026-02-06 19:00:00
RNT-11130,NVIDIA RTX 3090,Researcher,EU-Central,AWS,1,0.43,8,3.44,76.99,2026-05-17 06:00:00,2026-05-17 14:00:00
RNT-11131,NVIDIA RTX 4090,Student,US-East,AWS,1,0.96,15,14.4,65.75,2026-11-14 16:00:00,2026-11-15 07:00:00
RNT-11132,NVIDIA H100,Enterprise,Asia-Pacific,Lambda Labs,2,4.5,27,243.0,82.28,2026-04-30 18:00:00,2026-05-01 21:00:00
RNT-11133,NVIDIA A100,Enterprise,Asia-Pacific,GCP,4,3.98,4,63.68,48.86,2026-04-25 21:00:00,2026-04-26 01:00:00
RNT-11134,NVIDIA RTX 4090,Student,EU-Central,Azure,1,1.01,16,16.16,80.72,2026-01-13 15:00:00,2026-01-14 07:00:00
RNT-11135,NVIDIA H100,Researcher,US-East,Lambda Labs,1,5.47,32,175.04,51.62,2026-03-10 02:00:00,2026-03-11 10:00:00
RNT-11136,NVIDIA RTX 3090,Researcher,EU-Central,Lambda Labs,2,0.67,48,64.32,94.69,2026-11-29 14:00:00,2026-12-01 14:00:00
RNT-11137,NVIDIA RTX 4090,Researcher,Asia-Pacific,AWS,1,0.87,24,20.88,53.77,2026-09-14 13:00:00,2026-09-15 13:00:00
RNT-11138,NVIDIA RTX 4090,Student,US-East,Azure,1,0.89,27,24.03,51.64,2026-03-30 14:00:00,2026-03-31 17:00:00
RNT-11139,NVIDIA RTX 4090,Researcher,US-East,GCP,2,0.93,3,5.58,80.66,2026-02-16 13:00:00,2026-02-16 16:00:00
RNT-11140,NVIDIA RTX 3090,Enterprise,EU-Central,Azure,2,0.56,70,78.4,83.94,2026-09-17 06:00:00,2026-09-20 04:00:00
RNT-11141,NVIDIA A100,Student,US-West,Azure,1,2.85,3,8.55,59.9,2026-08-16 02:00:00,2026-08-16 05:00:00
RNT-11142,NVIDIA RTX 4090,Student,EU-Central,Azure,1,0.72,36,25.92,26.18,2026-06-29 16:00:00,2026-07-01 04:00:00
RNT-11143,NVIDIA RTX 4090,Researcher,Asia-Pacific,Azure,8,1.4,7,78.4,52.1,2026-01-10 09:00:00,2026-01-10 16:00:00
RNT-11144,NVIDIA A100,Freelancer,Asia-Pacific,Azure,1,3.95,65,256.75,97.13,2026-10-11 14:00:00,2026-10-14 07:00:00
RNT-11145,NVIDIA RTX 3090,Enterprise,Asia-Pacific,AWS,1,0.54,31,16.74,77.77,2026-05-06 05:00:00,2026-05-07 12:00:00
RNT-11146,NVIDIA RTX 3090,Enterprise,Asia-Pacific,AWS,1,0.54,34,18.36,83.0,2026-05-14 16:00:00,2026-05-16 02:00:00
RNT-11147,NVIDIA RTX 4090,Researcher,Asia-Pacific,Lambda Labs,1,0.71,6,4.26,12.95,2026-06-04 16:00:00,2026-06-04 22:00:00
RNT-11148,NVIDIA RTX 3090,Enterprise,US-West,AWS,1,0.67,14,9.38,52.11,2026-09-05 13:00:00,2026-09-06 03:00:00
RNT-11149,NVIDIA RTX 3090,Student,US-East,Lambda Labs,4,0.73,23,67.16,68.2,2026-05-20 23:00:00,2026-05-21 22:00:00
RNT-11150,NVIDIA RTX 3090,Enterprise,EU-Central,Lambda Labs,1,0.46,35,16.1,84.7,2026-11-14 17:00:00,2026-11-16 04:00:00
RNT-11151,NVIDIA RTX 3090,Freelancer,EU-Central,GCP,1,0.46,3,1.38,14.43,2026-06-25 04:00:00,2026-06-25 07:00:00
RNT-11152,NVIDIA RTX 4090,Enterprise,Asia-Pacific,Azure,2,1.33,79,210.14,86.72,2026-11-19 07:00:00,2026-11-22 14:00:00
RNT-11153,NVIDIA RTX 4090,Freelancer,EU-Central,AWS,2,1.19,53,126.14,59.36,2026-06-23 06:00:00,2026-06-25 11:00:00
RNT-11154,NVIDIA RTX 4090,Enterprise,Asia-Pacific,GCP,4,0.74,8,23.68,27.76,2026-03-15 22:00:00,2026-03-16 06:00:00
RNT-11155,NVIDIA RTX 3090,Student,US-West,AWS,4,0.65,42,109.2,38.55,2026-12-17 03:00:00,2026-12-18 21:00:00
RNT-11156,NVIDIA A100,Freelancer,US-West,Lambda Labs,1,2.96,18,53.28,35.37,2026-05-23 17:00:00,2026-05-24 11:00:00
RNT-11157,NVIDIA RTX 3090,Student,US-East,AWS,2,0.55,15,16.5,57.78,2026-10-19 04:00:00,2026-10-19 19:00:00
RNT-11158,NVIDIA RTX 3090,Enterprise,US-West,Azure,1,0.71,9,6.39,14.65,2026-04-22 15:00:00,2026-04-23 00:00:00
RNT-11159,NVIDIA H100,Student,US-West,Lambda Labs,8,5.62,21,944.16,24.27,2026-07-25 13:00:00,2026-07-26 10:00:00
RNT-11160,NVIDIA RTX 3090,Student,US-East,Lambda Labs,1,0.56,31,17.36,83.14,2026-05-11 18:00:00,2026-05-13 01:00:00
RNT-11161,NVIDIA H100,Researcher,EU-Central,GCP,8,5.89,13,612.56,21.93,2026-04-20 13:00:00,2026-04-21 02:00:00
RNT-11162,NVIDIA A100,Researcher,Asia-Pacific,Azure,2,3.11,24,149.28,31.01,2026-03-08 08:00:00,2026-03-09 08:00:00
RNT-11163,NVIDIA RTX 3090,Researcher,Asia-Pacific,Lambda Labs,1,0.71,29,20.59,50.8,2026-03-27 05:00:00,2026-03-28 10:00:00
RNT-11164,NVIDIA A100,Enterprise,EU-Central,Azure,2,3.23,30,193.8,56.54,2026-10-02 16:00:00,2026-10-03 22:00:00
RNT-11165,NVIDIA RTX 3090,Student,US-East,AWS,8,0.76,1,6.08,78.72,2026-08-15 18:00:00,2026-08-15 19:00:00
RNT-11166,NVIDIA RTX 3090,Student,EU-Central,Azure,4,0.76,47,142.88,50.26,2026-11-21 11:00:00,2026-11-23 10:00:00
RNT-11167,NVIDIA RTX 4090,Enterprise,US-West,Lambda Labs,1,0.77,15,11.55,81.09,2026-01-10 03:00:00,2026-01-10 18:00:00
RNT-11168,NVIDIA H100,Researcher,US-East,GCP,2,5.87,7,82.18,65.65,2026-12-21 15:00:00,2026-12-21 22:00:00
RNT-11169,NVIDIA A100,Enterprise,US-East,Lambda Labs,1,3.74,7,26.18,20.18,2026-10-15 10:00:00,2026-10-15 17:00:00
RNT-11170,NVIDIA RTX 4090,Enterprise,US-East,Azure,1,1.33,16,21.28,24.07,2026-04-22 21:00:00,2026-04-23 13:00:00
RNT-11171,AMD Instinct MI250,Freelancer,Asia-Pacific,Azure,1,1.2,52,62.4,49.33,2026-01-24 03:00:00,2026-01-26 07:00:00
RNT-11172,NVIDIA RTX 4090,Enterprise,EU-Central,Lambda Labs,1,1.34,11,14.74,45.72,2026-10-18 16:00:00,2026-10-19 03:00:00
RNT-11173,NVIDIA A100,Researcher,US-East,Azure,4,3.78,33,498.96,76.92,2026-12-05 07:00:00,2026-12-06 16:00:00
RNT-11174,NVIDIA RTX 4090,Enterprise,US-East,AWS,1,0.93,2,1.86,62.27,2026-11-22 13:00:00,2026-11-22 15:00:00
RNT-11175,NVIDIA RTX 4090,Researcher,US-East,Lambda Labs,4,1.46,16,93.44,44.93,2026-06-17 01:00:00,2026-06-17 17:00:00
RNT-11176,NVIDIA RTX 3090,Researcher,EU-Central,GCP,1,0.42,115,48.3,25.37,2026-04-19 10:00:00,2026-04-24 05:00:00
RNT-11177,NVIDIA H100,Enterprise,Asia-Pacific,Lambda Labs,1,4.3,35,150.5,30.42,2026-07-09 10:00:00,2026-07-10 21:00:00
RNT-11178,NVIDIA RTX 3090,Researcher,US-West,AWS,1,0.62,6,3.72,61.8,2026-12-21 23:00:00,2026-12-22 05:00:00
RNT-11179,NVIDIA RTX 4090,Enterprise,Asia-Pacific,AWS,1,1.16,17,19.72,48.11,2026-07-15 21:00:00,2026-07-16 14:00:00
RNT-11180,AMD Instinct MI250,Freelancer,US-East,AWS,1,1.65,6,9.9,56.34,2026-02-02 23:00:00,2026-02-03 05:00:00
RNT-11181,NVIDIA A100,Freelancer,Asia-Pacific,AWS,1,2.53,13,32.89,25.36,2026-07-24 05:00:00,2026-07-24 18:00:00
RNT-11182,NVIDIA RTX 4090,Freelancer,Asia-Pacific,AWS,2,1.47,36,105.84,69.66,2026-11-08 20:00:00,2026-11-10 08:00:00
RNT-11183,AMD Instinct MI250,Researcher,US-West,GCP,1,1.04,35,36.4,86.73,2026-07-01 20:00:00,2026-07-03 07:00:00
RNT-11184,NVIDIA H100,Researcher,EU-Central,Azure,1,4.29,6,25.74,33.21,2026-05-27 13:00:00,2026-05-27 19:00:00
RNT-11185,AMD Instinct MI250,Enterprise,EU-Central,AWS,1,1.01,61,61.61,54.24,2026-09-25 09:00:00,2026-09-27 22:00:00
RNT-11186,NVIDIA RTX 4090,Researcher,Asia-Pacific,AWS,4,1.15,22,101.2,97.8,2026-01-11 07:00:00,2026-01-12 05:00:00
RNT-11187,NVIDIA H100,Enterprise,Asia-Pacific,Lambda Labs,4,5.86,11,257.84,39.99,2026-03-11 06:00:00,2026-03-11 17:00:00
RNT-11188,NVIDIA A100,Enterprise,EU-Central,GCP,1,3.5,17,59.5,63.55,2026-09-13 07:00:00,2026-09-14 00:00:00
RNT-11189,NVIDIA RTX 3090,Enterprise,EU-Central,GCP,1,0.73,22,16.06,18.12,2026-08-07 07:00:00,2026-08-08 05:00:00
RNT-11190,NVIDIA H100,Researcher,US-West,Azure,1,4.03,20,80.6,64.54,2026-10-24 22:00:00,2026-10-25 18:00:00
RNT-11191,NVIDIA RTX 4090,Student,US-East,GCP,8,1.13,16,144.64,18.07,2026-12-28 01:00:00,2026-12-28 17:00:00
RNT-11192,NVIDIA A100,Researcher,Asia-Pacific,Lambda Labs,1,3.19,17,54.23,96.33,2026-09-16 15:00:00,2026-09-17 08:00:00
RNT-11193,NVIDIA RTX 4090,Student,EU-Central,Lambda Labs,1,1.1,5,5.5,74.41,2026-01-03 08:00:00,2026-01-03 13:00:00
RNT-11194,NVIDIA H100,Freelancer,Asia-Pacific,Azure,1,4.14,40,165.6,80.93,2026-03-25 12:00:00,2026-03-27 04:00:00
RNT-11195,NVIDIA RTX 3090,Researcher,Asia-Pacific,Lambda Labs,1,0.67,19,12.73,73.37,2026-06-05 22:00:00,2026-06-06 17:00:00
RNT-11196,AMD Instinct MI250,Student,EU-Central,AWS,1,1.5,3,4.5,63.08,2026-05-31 11:00:00,2026-05-31 14:00:00
RNT-11197,AMD Instinct MI250,Student,US-West,AWS,2,1.77,35,123.9,50.49,2026-06-25 21:00:00,2026-06-27 08:00:00
RNT-11198,NVIDIA RTX 3090,Enterprise,Asia-Pacific,Lambda Labs,1,0.59,65,38.35,87.25,2026-07-14 16:00:00,2026-07-17 09:00:00
RNT-11199,NVIDIA H100,Enterprise,US-West,Azure,2,4.3,71,610.6,96.12,2026-04-17 01:00:00,2026-04-20 00:00:00
